dominant,end,start
BU1402,2014-02-14,2013-10-09
BU1406,2014-05-21,2014-02-17
BU1409,2014-09-12,2014-05-22
BU1412,2014-12-10,2014-09-15
BU1506,2015-06-02,2014-12-11
BU1509,2015-08-24,2015-06-03
BU1512,2015-11-25,2015-08-25
BU1601,2015-12-21,2015-11-26
BU1606,2016-04-11,2015-12-22
BU1609,2016-08-02,2016-04-12
BU1612,2016-11-10,2016-08-03
BU1706,2017-04-25,2016-11-11
BU1709,2017-08-02,2017-04-26
BU1712,2017-11-21,2017-08-03
BU1806,2018-05-03,2017-11-22
BU1812,2018-11-22,2018-05-04
BU1906,2019-04-30,2018-11-23
BU1912,2019-11-27,2019-05-06
BU2006,2019-12-24,2019-11-28
SC1809,2018-08-08,2018-03-26
SC1812,2018-11-16,2018-08-09
SC1901,2018-12-17,2018-11-19
SC1903,2019-02-15,2018-12-18
SC1904,2019-03-15,2019-02-18
SC1905,2019-04-16,2019-03-18
SC1906,2019-05-20,2019-04-17
SC1907,2019-06-17,2019-05-21
SC1908,2019-07-16,2019-06-18
SC1909,2019-08-14,2019-07-17
SC1910,2019-09-09,2019-08-15
SC1911,2019-10-11,2019-09-10
SC1912,2019-11-15,2019-10-14
SC2001,2019-12-09,2019-11-18
SC2002,2019-12-24,2019-12-10
A0303,2002-03-15,2002-03-15
A0305,2003-01-14,2002-03-18
A0307,2003-05-26,2003-03-04
A0309,2003-03-03,2003-01-15
A0311,2003-08-18,2003-05-27
A0401,2003-10-15,2003-08-19
A0405,2004-02-13,2003-10-16
A0409,2004-07-08,2004-02-16
A0411,2004-09-07,2004-07-09
A0501,2004-11-15,2004-09-08
A0505,2005-03-04,2004-11-16
A0509,2005-07-07,2005-03-07
A0511,2005-07-22,2005-07-08
A0601,2005-10-27,2005-07-25
A0605,2006-02-15,2005-10-28
A0609,2006-08-23,2006-02-16
A0701,2006-10-31,2006-08-24
A0705,2007-01-31,2006-11-01
A0709,2007-05-30,2007-02-01
A0801,2007-08-07,2007-05-31
A0805,2007-11-15,2007-08-08
A0809,2008-02-26,2007-11-16
A0901,2008-10-14,2008-02-27
A0905,2009-01-12,2008-10-15
A0909,2009-04-14,2009-01-13
A1001,2009-07-09,2009-04-15
A1005,2009-10-26,2009-07-10
A1009,2010-04-22,2009-10-27
A1101,2010-07-21,2010-04-23
A1105,2010-10-22,2010-07-22
A1109,2011-01-05,2010-10-25
A1201,2011-07-13,2011-01-06
A1205,2011-10-27,2011-07-14
A1209,2012-03-20,2011-10-28
A1301,2012-09-03,2012-03-21
A1305,2013-02-01,2012-09-04
A1309,2013-06-07,2013-02-04
A1401,2013-10-16,2013-06-13
A1405,2013-12-30,2013-10-17
A1409,2014-03-28,2013-12-31
A1501,2014-11-26,2014-03-31
A1505,2015-04-14,2014-11-27
A1509,2015-06-15,2015-04-15
A1601,2015-11-11,2015-06-16
A1605,2016-03-09,2015-11-12
A1609,2016-07-13,2016-03-10
A1701,2016-11-28,2016-07-14
A1705,2017-03-23,2016-11-29
A1709,2017-08-04,2017-03-24
A1801,2017-12-11,2017-08-07
A1805,2018-04-04,2017-12-12
A1809,2018-07-30,2018-04-09
A1901,2018-12-21,2018-07-31
A1905,2019-04-19,2018-12-24
A1909,2019-08-09,2019-04-22
A2001,2019-12-04,2019-08-12
A2005,2019-12-24,2019-12-05
TS1812,2018-11-30,2018-08-17
TS1903,2019-02-28,2018-12-03
TS1906,2019-05-24,2019-03-01
TS1909,2019-08-19,2019-05-27
TS1912,2019-11-12,2019-08-20
TS2003,2019-12-24,2019-11-13
SP1906,2019-05-06,2018-11-27
SP1909,2019-08-09,2019-05-07
SP2001,2019-12-12,2019-08-12
SP2005,2019-12-24,2019-12-13
ZC1605,2016-04-06,2015-05-18
ZC1609,2016-08-15,2016-04-07
ZC1701,2016-12-05,2016-08-16
ZC1705,2017-04-18,2016-12-06
ZC1709,2017-08-10,2017-04-19
ZC1801,2017-12-19,2017-08-11
ZC1805,2018-04-12,2017-12-20
ZC1809,2018-08-09,2018-04-13
ZC1901,2018-12-06,2018-08-10
ZC1905,2019-04-18,2018-12-07
ZC1909,2019-08-20,2019-04-19
ZC1911,2019-09-16,2019-08-21
ZC2001,2019-12-11,2019-09-17
ZC2005,2019-12-24,2019-12-12
J1109,2011-08-22,2011-04-15
J1201,2011-12-08,2011-08-23
J1205,2012-04-13,2011-12-09
J1209,2012-07-17,2012-04-16
J1301,2012-10-24,2012-07-18
J1305,2013-02-06,2012-10-25
J1309,2013-06-20,2013-02-07
J1401,2013-10-29,2013-06-21
J1405,2014-03-10,2013-10-30
J1409,2014-07-22,2014-03-11
J1501,2014-11-24,2014-07-23
J1505,2015-03-27,2014-11-25
J1509,2015-08-11,2015-03-30
J1601,2015-11-25,2015-08-12
J1605,2016-03-25,2015-11-26
J1609,2016-08-15,2016-03-28
J1701,2016-12-02,2016-08-16
J1705,2017-03-31,2016-12-05
J1709,2017-08-02,2017-04-05
J1801,2017-11-29,2017-08-03
J1805,2018-04-10,2017-11-30
J1809,2018-08-07,2018-04-11
J1901,2018-12-05,2018-08-08
J1905,2019-04-04,2018-12-06
J1909,2019-08-06,2019-04-08
J2001,2019-12-11,2019-08-07
J2005,2019-12-24,2019-12-12
M0011,2000-07-18,2000-07-17
M0101,2000-10-31,2000-09-01
M0103,2000-08-31,2000-08-08
M0105,2000-08-04,2000-07-19
M0107,2001-06-01,2000-11-01
M0109,2000-08-07,2000-08-07
M0111,2001-09-18,2001-06-04
M0205,2002-02-25,2001-09-19
M0209,2002-07-17,2002-02-26
M0301,2002-12-03,2002-07-18
M0303,2003-01-06,2002-12-04
M0308,2003-06-10,2003-01-07
M0309,2003-07-31,2003-06-11
M0311,2003-09-05,2003-08-01
M0401,2003-11-14,2003-09-08
M0405,2004-03-02,2003-11-17
M0408,2004-05-12,2004-03-03
M0409,2004-08-26,2004-05-13
M0411,2004-09-07,2004-08-27
M0501,2004-12-03,2004-09-08
M0505,2005-03-16,2004-12-06
M0508,2005-06-20,2005-03-17
M0509,2005-08-02,2005-06-21
M0511,2005-09-05,2005-08-03
M0601,2005-10-25,2005-09-06
M0605,2006-02-17,2005-10-26
M0609,2006-05-11,2006-02-20
M0611,2006-07-31,2006-05-12
M0701,2006-10-19,2006-08-01
M0705,2007-01-31,2006-10-20
M0709,2007-07-03,2007-02-01
M0801,2007-08-23,2007-07-04
M0805,2007-12-13,2007-08-24
M0809,2008-06-25,2007-12-14
M0901,2008-10-31,2008-06-26
M0905,2009-02-24,2008-11-03
M0909,2009-06-12,2009-02-25
M1001,2009-07-30,2009-06-15
M1005,2009-11-20,2009-07-31
M1009,2010-05-04,2009-11-23
M1101,2010-07-19,2010-05-05
M1105,2010-10-25,2010-07-20
M1109,2011-03-14,2010-10-26
M1201,2011-07-07,2011-03-15
M1205,2011-12-21,2011-07-08
M1209,2012-05-16,2011-12-22
M1301,2012-11-15,2012-05-17
M1305,2013-02-18,2012-11-16
M1309,2013-06-03,2013-02-19
M1401,2013-11-01,2013-06-04
M1405,2014-03-03,2013-11-04
M1409,2014-07-02,2014-03-04
M1501,2014-09-01,2014-07-03
M1505,2015-02-27,2014-09-02
M1509,2015-07-23,2015-03-02
M1601,2015-11-23,2015-07-24
M1605,2016-03-03,2015-11-24
M1609,2016-07-21,2016-03-04
M1701,2016-11-14,2016-07-22
M1705,2017-03-17,2016-11-15
M1709,2017-07-26,2017-03-20
M1801,2017-11-22,2017-07-27
M1805,2018-03-15,2017-11-23
M1809,2018-07-04,2018-03-16
M1901,2018-11-26,2018-07-05
M1905,2019-03-29,2018-11-27
M1909,2019-08-05,2019-04-01
M2001,2019-11-04,2019-08-06
M2005,2019-12-24,2019-11-05
AU0806,2008-04-23,2008-01-09
AU0812,2008-10-27,2008-04-24
AU0906,2009-04-17,2008-10-28
AU0912,2009-10-12,2009-04-20
AU1006,2010-04-14,2009-10-13
AU1012,2010-10-22,2010-04-15
AU1106,2011-04-15,2010-10-25
AU1112,2011-10-25,2011-04-18
AU1206,2012-04-11,2011-10-26
AU1212,2012-10-31,2012-04-12
AU1306,2013-04-22,2012-11-01
AU1312,2013-11-05,2013-04-23
AU1406,2014-05-06,2013-11-06
AU1412,2014-11-04,2014-05-07
AU1506,2015-05-11,2014-11-05
AU1512,2015-11-11,2015-05-12
AU1606,2016-05-03,2015-11-12
AU1612,2016-11-08,2016-05-04
AU1706,2017-05-02,2016-11-09
AU1712,2017-11-10,2017-05-03
AU1806,2018-05-02,2017-11-13
AU1812,2018-11-08,2018-05-03
AU1906,2019-04-30,2018-11-09
AU1912,2019-11-13,2019-05-06
AU2006,2019-12-24,2019-11-14
CS1503,2014-12-19,2014-12-19
CS1505,2015-04-03,2014-12-22
CS1509,2015-07-27,2015-04-07
CS1601,2015-10-30,2015-07-28
CS1605,2016-03-18,2015-11-02
CS1609,2016-06-28,2016-03-21
CS1701,2016-11-22,2016-06-29
CS1705,2017-03-22,2016-11-23
CS1709,2017-08-08,2017-03-23
CS1801,2017-12-04,2017-08-09
CS1805,2018-04-02,2017-12-05
CS1809,2018-08-07,2018-04-03
CS1901,2018-12-06,2018-08-08
CS1905,2019-04-15,2018-12-07
CS1909,2019-08-22,2019-04-16
CS2001,2019-12-13,2019-08-23
CS2005,2019-12-24,2019-12-16
RI1307,2012-09-21,2012-07-24
RI1309,2013-07-24,2012-09-24
RI1401,2013-11-05,2013-07-25
RI1405,2014-04-23,2013-11-06
RI1409,2014-08-27,2014-04-24
RI1501,2014-12-31,2014-08-28
RI1505,2015-04-02,2015-01-05
RI1601,2016-01-14,2015-04-03
RI1605,2016-05-13,2016-01-15
RI1609,2016-06-14,2016-05-16
RI1701,2016-10-24,2016-06-15
RI1703,2017-03-13,2016-12-15
RI1709,2016-12-14,2016-10-25
RI1801,2018-01-12,2017-03-14
RI1807,2018-05-16,2018-01-15
RI1811,2018-11-13,2018-05-17
RI1909,2019-09-12,2018-11-14
RI2007,2019-12-24,2019-09-16
CF0411,2004-08-31,2004-06-01
CF0501,2004-11-23,2004-09-01
CF0503,2004-12-28,2004-11-24
CF0504,2005-01-27,2004-12-29
CF0505,2005-03-07,2005-01-28
CF0506,2005-04-07,2005-03-08
CF0507,2005-05-20,2005-04-08
CF0509,2005-07-07,2005-05-23
CF0510,2005-08-30,2005-07-08
CF0511,2005-09-13,2005-08-31
CF0601,2005-10-20,2005-09-14
CF0603,2005-12-20,2005-10-21
CF0604,2006-01-16,2005-12-21
CF0605,2006-03-24,2006-01-17
CF0606,2006-04-26,2006-03-27
CF0607,2006-06-09,2006-04-27
CF0608,2006-06-28,2006-06-12
CF0609,2006-08-02,2006-06-29
CF0611,2006-09-20,2006-08-03
CF0612,2006-09-27,2006-09-21
CF0701,2006-11-07,2006-09-28
CF0705,2007-03-23,2006-11-08
CF0707,2007-06-06,2007-03-26
CF0709,2007-07-06,2007-06-07
CF0801,2007-09-18,2007-07-09
CF0805,2008-02-19,2007-09-19
CF0807,2008-07-10,2008-02-20
CF0901,2008-11-14,2008-07-11
CF0905,2009-03-25,2008-11-17
CF0907,2009-05-26,2009-03-26
CF0909,2009-07-14,2009-05-27
CF1001,2009-11-02,2009-07-15
CF1005,2010-01-12,2009-11-03
CF1009,2010-04-29,2010-01-13
CF1101,2010-09-03,2010-04-30
CF1105,2010-11-25,2010-09-06
CF1109,2011-06-13,2010-11-26
CF1201,2011-08-12,2011-06-14
CF1205,2012-02-08,2011-08-15
CF1209,2012-06-04,2012-02-09
CF1301,2012-11-05,2012-06-05
CF1305,2013-01-30,2012-11-06
CF1309,2013-06-13,2013-01-31
CF1401,2013-10-15,2013-06-14
CF1405,2014-03-20,2013-10-16
CF1501,2014-11-14,2014-03-21
CF1505,2015-03-20,2014-11-17
CF1509,2015-07-02,2015-03-23
CF1601,2015-10-26,2015-07-03
CF1605,2016-02-04,2015-10-27
CF1609,2016-06-20,2016-02-05
CF1701,2016-11-22,2016-06-21
CF1705,2017-03-31,2016-11-23
CF1709,2017-08-02,2017-04-05
CF1801,2017-11-28,2017-08-03
CF1805,2018-03-23,2017-11-29
CF1809,2018-05-14,2018-03-26
CF1901,2018-11-22,2018-05-15
CF1905,2019-04-03,2018-11-23
CF1909,2019-08-08,2019-04-04
CF2001,2019-11-26,2019-08-09
CF2005,2019-12-24,2019-11-27
I1403,2013-10-18,2013-10-18
I1405,2014-02-28,2013-10-21
I1409,2014-07-22,2014-03-03
I1501,2014-10-22,2014-07-23
I1505,2015-03-06,2014-10-23
I1509,2015-07-21,2015-03-09
I1601,2015-11-23,2015-07-22
I1605,2016-03-18,2015-11-24
I1609,2016-08-10,2016-03-21
I1701,2016-11-25,2016-08-11
I1705,2017-03-22,2016-11-28
I1709,2017-07-31,2017-03-23
I1801,2017-11-22,2017-08-01
I1805,2018-04-03,2017-11-23
I1809,2018-08-07,2018-04-04
I1901,2018-11-29,2018-08-08
I1905,2019-04-08,2018-11-30
I1909,2019-07-31,2019-04-09
I2001,2019-12-05,2019-08-01
I2005,2019-12-24,2019-12-06
B0503,2004-12-22,2004-12-22
B0505,2005-03-25,2004-12-23
B0507,2005-04-08,2005-03-28
B0509,2005-09-02,2005-04-11
B0511,2005-09-15,2005-09-12
B0601,2005-09-08,2005-09-05
B0603,2005-10-10,2005-09-16
B0605,2005-09-09,2005-09-09
B0607,2005-10-14,2005-10-11
B0609,2006-09-13,2005-10-17
B0611,2006-10-24,2006-09-14
B0701,2006-10-27,2006-10-25
B0705,2007-02-01,2006-10-30
B0709,2007-05-30,2007-02-02
B0711,2007-10-12,2007-08-29
B0801,2007-07-03,2007-05-31
B0803,2007-08-28,2007-08-15
B0805,2007-08-14,2007-07-04
B0807,2008-02-28,2007-10-30
B0809,2007-10-29,2007-10-15
B0811,2008-08-08,2008-06-12
B0901,2008-04-29,2008-02-29
B0903,2008-06-11,2008-04-30
B0905,2008-11-04,2008-08-11
B0909,2009-03-13,2008-11-05
B0911,2009-05-11,2009-04-02
B1001,2009-04-01,2009-03-16
B1003,2009-06-02,2009-05-12
B1005,2009-09-16,2009-06-03
B1007,2009-11-19,2009-09-17
B1009,2010-02-03,2009-11-20
B1101,2010-11-12,2010-02-04
B1109,2011-05-05,2010-11-15
B1201,2011-07-14,2011-05-06
B1205,2011-09-27,2011-07-15
B1209,2012-05-17,2011-09-28
B1301,2012-10-18,2012-05-18
B1305,2013-03-29,2012-10-19
B1309,2013-09-12,2013-04-01
B1401,2013-12-23,2013-09-13
B1407,2014-02-11,2013-12-24
B1409,2014-09-12,2014-02-12
B1505,2015-04-10,2014-09-15
B1509,2015-09-15,2015-04-13
B1601,2016-01-14,2015-09-16
B1605,2016-04-05,2016-01-15
B1607,2016-07-13,2016-05-27
B1609,2016-08-12,2016-07-14
B1701,2016-05-26,2016-04-06
B1703,2017-01-04,2016-08-15
B1705,2017-04-18,2017-01-05
B1709,2017-05-31,2017-04-19
B1805,2018-04-03,2017-06-01
B1809,2018-07-20,2018-04-04
B1901,2018-08-31,2018-07-23
B1905,2019-04-03,2018-09-03
B1906,2019-05-06,2019-04-04
B1907,2019-06-03,2019-05-07
B1908,2019-07-01,2019-06-04
B1909,2019-08-01,2019-07-02
B1910,2019-08-30,2019-08-02
B1911,2019-10-08,2019-09-02
B1912,2019-11-01,2019-10-09
B2001,2019-12-02,2019-11-04
B2002,2019-12-24,2019-12-03
LR1411,2014-07-08,2014-07-08
LR1501,2015-01-07,2014-07-09
LR1505,2015-05-14,2015-01-08
LR1603,2016-03-11,2015-05-15
LR1605,2016-05-13,2016-03-14
LR1611,2016-11-11,2016-10-14
LR1703,2016-10-13,2016-05-16
LR1709,2017-09-13,2016-11-14
LR1807,2018-05-18,2017-09-14
LR1903,2019-03-13,2018-05-21
LR1905,2019-05-16,2019-03-14
LR1911,2019-11-13,2019-05-17
LR2007,2019-12-24,2019-11-14
PM1301,2012-12-14,2012-01-17
PM1307,2013-07-04,2013-05-09
PM1309,2013-05-08,2012-12-17
PM1401,2014-01-14,2013-07-05
PM1409,2014-08-04,2014-01-15
PM1501,2015-01-15,2014-10-28
PM1507,2014-10-27,2014-08-05
PM1509,2015-09-02,2015-01-16
PM1601,2016-01-14,2015-09-07
PM1605,2016-05-13,2016-01-15
PM1611,2016-11-11,2016-05-16
PM1701,2017-01-13,2016-11-14
PM1711,2017-11-13,2017-01-16
PM1809,2018-09-13,2017-11-14
PM1901,2019-01-14,2018-09-14
PM1905,2019-05-16,2019-01-15
PM1907,2019-07-11,2019-05-17
PM2005,2019-12-24,2019-07-12
AL0002,2000-01-11,2000-01-04
AL0003,2000-01-19,2000-01-12
AL0004,2000-02-25,2000-01-20
AL0005,2000-03-10,2000-02-28
AL0007,2000-05-18,2000-03-13
AL0008,2000-07-11,2000-05-19
AL0009,2000-07-21,2000-07-12
AL0010,2000-09-07,2000-07-24
AL0012,2000-10-20,2000-09-08
AL0102,2000-12-20,2000-10-23
AL0103,2000-12-29,2000-12-21
AL0104,2001-03-29,2001-01-02
AL0106,2001-05-23,2001-03-30
AL0108,2001-06-26,2001-05-28
AL0109,2001-07-09,2001-06-27
AL0110,2001-05-25,2001-05-24
AL0111,2001-07-24,2001-07-10
AL0112,2001-10-16,2001-07-25
AL0201,2001-11-13,2001-10-17
AL0203,2002-01-15,2001-11-14
AL0205,2002-03-19,2002-01-16
AL0207,2002-04-22,2002-03-20
AL0208,2002-06-05,2002-04-23
AL0210,2002-07-08,2002-06-06
AL0211,2002-09-12,2002-07-09
AL0212,2002-09-17,2002-09-13
AL0301,2002-11-14,2002-09-18
AL0302,2002-12-02,2002-11-15
AL0303,2002-12-26,2002-12-03
AL0304,2003-02-12,2002-12-27
AL0306,2003-04-09,2003-02-13
AL0307,2003-05-22,2003-04-10
AL0309,2003-07-02,2003-05-23
AL0310,2003-08-20,2003-07-03
AL0311,2003-09-30,2003-08-21
AL0401,2003-10-14,2003-10-08
AL0403,2003-12-18,2003-10-15
AL0406,2004-01-29,2003-12-19
AL0407,2004-02-06,2004-01-30
AL0408,2004-03-11,2004-02-09
AL0409,2004-03-31,2004-03-12
AL0410,2004-07-09,2004-04-01
AL0411,2004-09-14,2004-07-12
AL0412,2004-10-15,2004-09-15
AL0501,2004-12-23,2004-10-19
AL0502,2004-10-18,2004-10-18
AL0503,2005-02-16,2004-12-24
AL0504,2005-03-07,2005-02-17
AL0505,2005-03-17,2005-03-08
AL0506,2005-05-10,2005-03-18
AL0507,2005-06-03,2005-05-11
AL0508,2005-07-11,2005-06-06
AL0509,2005-08-01,2005-07-12
AL0510,2005-09-16,2005-08-02
AL0511,2005-10-11,2005-09-19
AL0601,2005-11-28,2005-10-12
AL0603,2006-01-10,2005-11-29
AL0604,2006-02-06,2006-01-11
AL0605,2006-03-20,2006-02-07
AL0606,2006-04-12,2006-03-21
AL0607,2006-05-11,2006-04-13
AL0608,2006-06-14,2006-05-12
AL0609,2006-07-13,2006-06-15
AL0610,2006-08-21,2006-07-14
AL0611,2006-09-26,2006-08-22
AL0612,2006-10-23,2006-09-27
AL0701,2006-12-04,2006-10-24
AL0702,2006-12-27,2006-12-05
AL0703,2007-01-24,2006-12-28
AL0704,2007-02-16,2007-01-25
AL0705,2007-03-26,2007-02-26
AL0706,2007-04-09,2007-03-27
AL0707,2007-06-04,2007-04-10
AL0708,2007-07-03,2007-06-05
AL0709,2007-07-25,2007-07-04
AL0710,2007-08-17,2007-07-26
AL0711,2007-09-18,2007-08-20
AL0712,2007-10-25,2007-09-19
AL0801,2007-12-04,2007-10-26
AL0802,2007-12-24,2007-12-05
AL0803,2008-01-25,2007-12-25
AL0804,2008-02-21,2008-01-28
AL0805,2008-03-18,2008-02-22
AL0806,2008-05-05,2008-03-19
AL0807,2008-05-26,2008-05-06
AL0808,2008-06-20,2008-05-27
AL0809,2008-08-04,2008-06-23
AL0810,2008-08-20,2008-08-05
AL0811,2008-09-17,2008-08-21
AL0812,2008-10-16,2008-09-18
AL0901,2008-11-20,2008-10-17
AL0902,2008-12-12,2008-11-21
AL0903,2009-01-16,2008-12-15
AL0904,2009-02-11,2009-01-19
AL0905,2009-03-13,2009-02-12
AL0906,2009-04-07,2009-03-16
AL0907,2009-05-04,2009-04-08
AL0908,2009-06-03,2009-05-05
AL0909,2009-07-03,2009-06-04
AL0910,2009-07-24,2009-07-06
AL0911,2009-08-24,2009-07-27
AL0912,2009-10-20,2009-08-25
AL1001,2009-11-16,2009-10-21
AL1002,2009-12-07,2009-11-17
AL1003,2009-12-29,2009-12-08
AL1004,2010-01-26,2009-12-30
AL1005,2010-03-05,2010-01-27
AL1006,2010-04-09,2010-03-08
AL1007,2010-05-17,2010-04-12
AL1008,2010-06-07,2010-05-18
AL1009,2010-07-16,2010-06-08
AL1010,2010-08-04,2010-07-19
AL1011,2010-09-01,2010-08-05
AL1012,2010-10-11,2010-09-02
AL1101,2010-11-05,2010-10-12
AL1102,2010-12-07,2010-11-08
AL1103,2011-01-12,2010-12-08
AL1104,2011-02-21,2011-01-13
AL1105,2011-03-31,2011-02-22
AL1106,2011-05-03,2011-04-01
AL1107,2011-06-07,2011-05-04
AL1108,2011-07-01,2011-06-08
AL1109,2011-07-20,2011-07-04
AL1110,2011-08-19,2011-07-21
AL1111,2011-09-23,2011-08-22
AL1112,2011-10-27,2011-09-26
AL1201,2011-11-22,2011-10-28
AL1202,2011-12-15,2011-11-23
AL1203,2012-01-11,2011-12-16
AL1204,2012-02-13,2012-01-12
AL1205,2012-03-29,2012-02-14
AL1206,2012-04-16,2012-03-30
AL1207,2012-05-03,2012-04-17
AL1208,2012-05-28,2012-05-04
AL1209,2012-06-26,2012-05-29
AL1210,2012-08-01,2012-06-27
AL1211,2012-09-10,2012-08-02
AL1212,2012-11-13,2012-09-11
AL1301,2012-12-14,2012-11-14
AL1303,2013-02-04,2012-12-17
AL1305,2013-03-07,2013-02-05
AL1306,2013-05-06,2013-03-08
AL1308,2013-06-05,2013-05-07
AL1309,2013-06-18,2013-06-06
AL1310,2013-08-19,2013-06-19
AL1311,2013-08-27,2013-08-20
AL1312,2013-10-28,2013-08-28
AL1401,2013-11-26,2013-10-29
AL1402,2013-12-16,2013-11-27
AL1403,2014-01-08,2013-12-17
AL1404,2014-02-26,2014-01-09
AL1405,2014-03-11,2014-02-27
AL1406,2014-04-24,2014-03-12
AL1407,2014-05-23,2014-04-25
AL1408,2014-06-25,2014-05-26
AL1409,2014-07-23,2014-06-26
AL1410,2014-08-27,2014-07-24
AL1411,2014-09-18,2014-08-28
AL1412,2014-10-22,2014-09-19
AL1501,2014-11-28,2014-10-23
AL1502,2014-12-18,2014-12-01
AL1503,2015-01-27,2014-12-19
AL1504,2015-02-27,2015-01-28
AL1505,2015-03-23,2015-03-02
AL1506,2015-04-23,2015-03-24
AL1507,2015-05-27,2015-04-24
AL1508,2015-06-25,2015-05-28
AL1509,2015-07-22,2015-06-26
AL1510,2015-08-31,2015-07-23
AL1511,2015-09-22,2015-09-01
AL1512,2015-10-22,2015-09-23
AL1601,2015-11-23,2015-10-23
AL1602,2015-12-22,2015-11-24
AL1603,2016-01-28,2015-12-23
AL1604,2016-02-29,2016-01-29
AL1605,2016-03-31,2016-03-01
AL1606,2016-04-27,2016-04-01
AL1607,2016-06-02,2016-04-28
AL1608,2016-07-04,2016-06-03
AL1609,2016-08-02,2016-07-05
AL1610,2016-09-02,2016-08-03
AL1611,2016-09-29,2016-09-05
AL1612,2016-11-02,2016-09-30
AL1701,2016-11-24,2016-11-03
AL1702,2017-01-03,2016-11-25
AL1703,2017-02-08,2017-01-04
AL1704,2017-03-06,2017-02-09
AL1705,2017-04-12,2017-03-07
AL1706,2017-05-09,2017-04-13
AL1707,2017-06-07,2017-05-10
AL1708,2017-07-05,2017-06-08
AL1709,2017-08-03,2017-07-06
AL1710,2017-08-25,2017-08-04
AL1711,2017-09-27,2017-08-28
AL1712,2017-10-27,2017-09-28
AL1801,2017-12-01,2017-10-30
AL1802,2018-01-03,2017-12-04
AL1803,2018-02-06,2018-01-04
AL1804,2018-03-01,2018-02-07
AL1805,2018-04-10,2018-03-02
AL1806,2018-05-02,2018-04-11
AL1807,2018-06-07,2018-05-03
AL1808,2018-07-03,2018-06-08
AL1809,2018-08-08,2018-07-04
AL1810,2018-09-03,2018-08-09
AL1811,2018-10-11,2018-09-04
AL1812,2018-11-05,2018-10-12
AL1901,2018-12-10,2018-11-06
AL1902,2019-01-04,2018-12-11
AL1903,2019-02-19,2019-01-07
AL1905,2019-04-17,2019-02-20
AL1906,2019-05-15,2019-04-18
AL1907,2019-06-12,2019-05-16
AL1908,2019-07-16,2019-06-13
AL1909,2019-08-08,2019-07-17
AL1910,2019-09-10,2019-08-09
AL1911,2019-10-10,2019-09-11
AL1912,2019-11-13,2019-10-11
AL2001,2019-12-11,2019-11-14
AL2002,2019-12-24,2019-12-12
JM1307,2013-03-22,2013-03-22
JM1309,2013-07-01,2013-03-25
JM1401,2013-11-04,2013-07-02
JM1405,2014-03-13,2013-11-05
JM1409,2014-07-23,2014-03-14
JM1501,2014-11-18,2014-07-24
JM1505,2015-03-30,2014-11-19
JM1509,2015-08-10,2015-03-31
JM1601,2015-11-24,2015-08-11
JM1605,2016-03-31,2015-11-25
JM1609,2016-08-15,2016-04-01
JM1701,2016-11-29,2016-08-16
JM1705,2017-03-30,2016-11-30
JM1709,2017-08-03,2017-03-31
JM1801,2017-11-30,2017-08-04
JM1805,2018-04-11,2017-12-01
JM1809,2018-08-08,2018-04-12
JM1901,2018-12-12,2018-08-09
JM1905,2019-04-09,2018-12-13
JM1909,2019-08-16,2019-04-10
JM2001,2019-12-19,2019-08-19
JM2005,2019-12-24,2019-12-20
PP1405,2014-03-03,2014-02-28
PP1409,2014-07-30,2014-03-04
PP1501,2014-11-24,2014-07-31
PP1505,2015-03-13,2014-11-25
PP1509,2015-08-03,2015-03-16
PP1601,2015-11-25,2015-08-04
PP1605,2016-03-29,2015-11-26
PP1609,2016-08-15,2016-03-30
PP1701,2016-11-30,2016-08-16
PP1705,2017-04-10,2016-12-01
PP1709,2017-08-08,2017-04-11
PP1801,2017-11-30,2017-08-09
PP1805,2018-04-09,2017-12-01
PP1809,2018-08-06,2018-04-10
PP1901,2018-12-05,2018-08-07
PP1905,2019-04-04,2018-12-06
PP1909,2019-08-01,2019-04-08
PP2001,2019-12-06,2019-08-02
PP2005,2019-12-24,2019-12-09
ZN0707,2007-06-05,2007-03-26
ZN0708,2007-06-28,2007-06-06
ZN0709,2007-07-31,2007-06-29
ZN0710,2007-08-29,2007-08-01
ZN0711,2007-09-26,2007-08-30
ZN0712,2007-10-26,2007-09-27
ZN0801,2007-11-26,2007-10-29
ZN0802,2007-12-21,2007-11-27
ZN0803,2008-01-21,2007-12-24
ZN0804,2008-02-20,2008-01-22
ZN0805,2008-03-19,2008-02-21
ZN0806,2008-04-22,2008-03-20
ZN0807,2008-05-27,2008-04-23
ZN0808,2008-06-23,2008-05-28
ZN0809,2008-07-18,2008-06-24
ZN0810,2008-08-15,2008-07-21
ZN0811,2008-09-18,2008-08-18
ZN0812,2008-10-17,2008-09-19
ZN0901,2008-11-21,2008-10-20
ZN0902,2008-12-15,2008-11-24
ZN0903,2009-01-16,2008-12-16
ZN0904,2009-02-09,2009-01-19
ZN0905,2009-03-05,2009-02-10
ZN0906,2009-03-31,2009-03-06
ZN0907,2009-04-28,2009-04-01
ZN0908,2009-06-01,2009-04-29
ZN0909,2009-07-01,2009-06-02
ZN0910,2009-07-24,2009-07-02
ZN0911,2009-08-24,2009-07-27
ZN0912,2009-10-09,2009-08-25
ZN1001,2009-11-12,2009-10-12
ZN1002,2009-11-26,2009-11-13
ZN1003,2009-12-25,2009-11-27
ZN1004,2010-01-19,2009-12-28
ZN1005,2010-02-24,2010-01-20
ZN1006,2010-03-29,2010-02-25
ZN1007,2010-05-05,2010-03-30
ZN1008,2010-05-27,2010-05-06
ZN1009,2010-06-28,2010-05-28
ZN1010,2010-07-26,2010-06-29
ZN1011,2010-08-13,2010-07-27
ZN1012,2010-09-10,2010-08-16
ZN1101,2010-10-21,2010-09-13
ZN1102,2010-11-18,2010-10-22
ZN1103,2010-12-30,2010-11-19
ZN1104,2011-02-10,2010-12-31
ZN1105,2011-03-17,2011-02-11
ZN1106,2011-04-25,2011-03-18
ZN1107,2011-05-25,2011-04-26
ZN1108,2011-06-23,2011-05-26
ZN1109,2011-07-18,2011-06-24
ZN1110,2011-08-15,2011-07-19
ZN1111,2011-09-21,2011-08-16
ZN1112,2011-10-19,2011-09-22
ZN1201,2011-11-18,2011-10-20
ZN1202,2011-12-15,2011-11-21
ZN1203,2012-01-16,2011-12-16
ZN1204,2012-02-14,2012-01-17
ZN1205,2012-03-08,2012-02-15
ZN1206,2012-04-06,2012-03-09
ZN1207,2012-05-08,2012-04-09
ZN1208,2012-05-28,2012-05-09
ZN1209,2012-06-25,2012-05-29
ZN1210,2012-07-23,2012-06-26
ZN1211,2012-08-16,2012-07-24
ZN1212,2012-09-20,2012-08-17
ZN1301,2012-11-05,2012-09-21
ZN1302,2012-12-07,2012-11-06
ZN1303,2013-01-07,2012-12-10
ZN1304,2013-01-29,2013-01-08
ZN1305,2013-03-06,2013-01-30
ZN1306,2013-04-03,2013-03-07
ZN1307,2013-05-02,2013-04-08
ZN1308,2013-05-22,2013-05-03
ZN1309,2013-06-20,2013-05-23
ZN1310,2013-07-30,2013-06-21
ZN1311,2013-08-20,2013-07-31
ZN1312,2013-10-10,2013-08-21
ZN1401,2013-11-15,2013-10-11
ZN1402,2013-12-17,2013-11-18
ZN1403,2014-01-16,2013-12-18
ZN1404,2014-02-21,2014-01-17
ZN1405,2014-03-19,2014-02-24
ZN1406,2014-04-17,2014-03-20
ZN1407,2014-05-28,2014-04-18
ZN1408,2014-06-20,2014-05-29
ZN1409,2014-07-22,2014-06-23
ZN1410,2014-08-27,2014-07-23
ZN1411,2014-09-23,2014-08-28
ZN1412,2014-10-29,2014-09-24
ZN1501,2014-11-28,2014-10-30
ZN1502,2014-12-25,2014-12-01
ZN1503,2015-01-26,2014-12-26
ZN1504,2015-02-25,2015-01-27
ZN1505,2015-03-24,2015-02-26
ZN1506,2015-04-23,2015-03-25
ZN1507,2015-05-25,2015-04-24
ZN1508,2015-06-25,2015-05-26
ZN1509,2015-07-29,2015-06-26
ZN1510,2015-08-31,2015-07-30
ZN1511,2015-09-25,2015-09-01
ZN1512,2015-10-30,2015-09-28
ZN1601,2015-11-26,2015-11-02
ZN1602,2015-12-30,2015-11-27
ZN1603,2016-02-02,2015-12-31
ZN1604,2016-03-01,2016-02-03
ZN1605,2016-03-29,2016-03-02
ZN1606,2016-04-29,2016-03-30
ZN1607,2016-06-01,2016-05-03
ZN1608,2016-06-29,2016-06-02
ZN1609,2016-07-28,2016-06-30
ZN1610,2016-08-30,2016-07-29
ZN1611,2016-10-10,2016-08-31
ZN1612,2016-10-31,2016-10-11
ZN1701,2016-11-29,2016-11-01
ZN1702,2016-12-28,2016-11-30
ZN1703,2017-02-13,2016-12-29
ZN1704,2017-03-03,2017-02-14
ZN1705,2017-04-07,2017-03-06
ZN1706,2017-05-08,2017-04-10
ZN1707,2017-06-07,2017-05-09
ZN1708,2017-07-06,2017-06-08
ZN1709,2017-08-04,2017-07-07
ZN1710,2017-09-05,2017-08-07
ZN1711,2017-10-10,2017-09-06
ZN1712,2017-11-02,2017-10-11
ZN1801,2017-12-04,2017-11-03
ZN1802,2018-01-04,2017-12-05
ZN1803,2018-02-06,2018-01-05
ZN1804,2018-03-02,2018-02-07
ZN1805,2018-04-03,2018-03-05
ZN1806,2018-05-03,2018-04-04
ZN1807,2018-06-07,2018-05-04
ZN1808,2018-07-10,2018-06-08
ZN1809,2018-08-07,2018-07-11
ZN1810,2018-09-11,2018-08-08
ZN1811,2018-10-19,2018-09-12
ZN1812,2018-11-02,2018-10-22
ZN1901,2018-11-30,2018-11-05
ZN1902,2019-01-07,2018-12-03
ZN1903,2019-02-15,2019-01-08
ZN1904,2019-03-07,2019-02-18
ZN1905,2019-04-11,2019-03-08
ZN1906,2019-05-09,2019-04-12
ZN1907,2019-06-12,2019-05-10
ZN1908,2019-07-05,2019-06-13
ZN1909,2019-08-07,2019-07-08
ZN1910,2019-09-06,2019-08-08
ZN1911,2019-10-14,2019-09-09
ZN1912,2019-11-11,2019-10-15
ZN2001,2019-12-04,2019-11-12
ZN2002,2019-12-24,2019-12-05
NI1507,2015-05-28,2015-03-27
NI1509,2015-08-14,2015-05-29
NI1601,2015-12-15,2015-08-17
NI1605,2016-04-08,2015-12-16
NI1609,2016-08-01,2016-04-11
NI1701,2016-11-25,2016-08-02
NI1705,2017-03-31,2016-11-28
NI1709,2017-08-03,2017-04-05
NI1801,2017-11-13,2017-08-04
NI1805,2018-03-29,2017-11-14
NI1807,2018-06-04,2018-03-30
NI1809,2018-08-06,2018-06-05
NI1811,2018-10-11,2018-08-07
NI1901,2018-12-06,2018-10-12
NI1905,2019-04-09,2018-12-07
NI1906,2019-05-07,2019-04-10
NI1907,2019-06-10,2019-05-08
NI1908,2019-07-08,2019-06-11
NI1909,2019-07-17,2019-07-09
NI1910,2019-08-29,2019-07-18
NI1911,2019-09-30,2019-08-30
NI1912,2019-11-04,2019-10-08
NI2001,2019-11-15,2019-11-05
NI2002,2019-12-24,2019-11-18
RU0003,2000-01-04,2000-01-04
RU0004,2000-04-14,2000-01-05
RU0008,2000-04-26,2000-04-17
RU0009,2000-08-01,2000-04-27
RU0011,2000-09-22,2000-08-02
RU0101,2000-12-15,2000-09-25
RU0103,2001-03-13,2000-12-18
RU0104,2001-04-13,2001-03-14
RU0105,2001-05-10,2001-04-16
RU0106,2001-05-17,2001-05-11
RU0107,2001-06-13,2001-05-18
RU0108,2001-07-11,2001-06-14
RU0110,2001-09-03,2001-07-12
RU0111,2001-09-17,2001-09-04
RU0201,2001-10-16,2001-09-18
RU0203,2001-12-25,2001-10-17
RU0204,2002-01-23,2001-12-26
RU0205,2002-03-11,2002-01-24
RU0206,2002-04-02,2002-03-12
RU0207,2002-05-13,2002-05-09
RU0208,2002-05-08,2002-04-03
RU0209,2002-05-30,2002-05-14
RU0210,2002-08-02,2002-05-31
RU0211,2002-09-09,2002-08-05
RU0301,2002-10-23,2002-09-10
RU0303,2002-12-26,2002-10-24
RU0304,2003-01-03,2002-12-27
RU0305,2003-02-26,2003-01-06
RU0306,2003-04-09,2003-02-27
RU0307,2003-05-22,2003-04-10
RU0308,2003-06-16,2003-05-23
RU0309,2003-07-31,2003-06-17
RU0310,2003-08-13,2003-08-01
RU0311,2003-09-02,2003-08-14
RU0401,2003-09-26,2003-09-03
RU0403,2003-10-31,2003-09-29
RU0405,2003-12-01,2003-11-03
RU0406,2004-01-02,2003-12-02
RU0407,2004-07-05,2004-01-05
RU0408,2004-07-30,2004-07-06
RU0411,2004-11-12,2004-08-02
RU0503,2005-02-17,2004-11-15
RU0505,2005-03-15,2005-02-18
RU0506,2005-04-12,2005-03-16
RU0507,2005-05-23,2005-04-13
RU0508,2005-06-20,2005-05-24
RU0509,2005-07-15,2005-06-21
RU0510,2005-08-16,2005-07-18
RU0511,2005-09-19,2005-08-17
RU0601,2005-10-19,2005-09-20
RU0603,2006-01-04,2005-10-20
RU0604,2006-02-10,2006-01-05
RU0605,2006-03-10,2006-02-13
RU0606,2006-03-30,2006-03-13
RU0607,2006-05-09,2006-03-31
RU0608,2006-06-08,2006-05-10
RU0609,2006-07-21,2006-06-09
RU0610,2006-08-29,2006-07-24
RU0611,2006-10-11,2006-08-30
RU0701,2006-11-21,2006-10-12
RU0703,2007-01-11,2006-11-22
RU0705,2007-03-19,2007-01-12
RU0707,2007-05-23,2007-03-20
RU0709,2007-07-17,2007-05-24
RU0711,2007-09-04,2007-07-18
RU0801,2007-11-16,2007-09-05
RU0803,2008-01-10,2007-11-19
RU0805,2008-02-29,2008-01-11
RU0807,2008-04-18,2008-03-03
RU0809,2008-07-31,2008-04-21
RU0811,2008-09-18,2008-08-01
RU0901,2008-11-10,2008-09-19
RU0903,2008-12-19,2008-11-11
RU0905,2009-02-27,2008-12-22
RU0907,2009-04-03,2009-03-02
RU0909,2009-06-17,2009-04-07
RU0911,2009-07-23,2009-06-18
RU1001,2009-11-11,2009-07-24
RU1003,2009-12-29,2009-11-12
RU1005,2010-03-01,2009-12-30
RU1009,2010-06-21,2010-03-02
RU1011,2010-07-29,2010-06-22
RU1101,2010-09-13,2010-07-30
RU1103,2010-10-25,2010-09-14
RU1105,2011-03-16,2010-10-26
RU1109,2011-07-04,2011-03-17
RU1201,2011-11-15,2011-07-05
RU1205,2012-04-05,2011-11-16
RU1209,2012-07-20,2012-04-06
RU1301,2012-11-01,2012-07-23
RU1305,2013-02-18,2012-11-02
RU1309,2013-06-27,2013-02-19
RU1401,2013-11-04,2013-06-28
RU1405,2014-02-28,2013-11-05
RU1409,2014-07-24,2014-03-03
RU1501,2014-11-20,2014-07-25
RU1505,2015-03-02,2014-11-21
RU1509,2015-07-16,2015-03-03
RU1601,2015-11-24,2015-07-17
RU1605,2016-03-17,2015-11-25
RU1609,2016-08-03,2016-03-18
RU1701,2016-11-22,2016-08-04
RU1705,2017-03-24,2016-11-23
RU1709,2017-08-02,2017-03-27
RU1801,2017-11-28,2017-08-03
RU1805,2018-03-29,2017-11-29
RU1809,2018-08-07,2018-03-30
RU1901,2018-11-30,2018-08-08
RU1905,2019-03-25,2018-12-03
RU1909,2019-08-08,2019-03-26
RU2001,2019-11-26,2019-08-09
RU2005,2019-12-24,2019-11-27
CY1801,2017-11-30,2017-08-18
CY1805,2018-05-08,2017-12-04
CY1809,2017-12-01,2017-12-01
CY1810,2018-09-28,2018-05-09
CY1901,2018-12-28,2018-10-08
CY1905,2019-04-16,2019-01-02
CY2001,2019-12-03,2019-04-17
CY2005,2019-12-24,2019-12-04
Y0603,2006-01-09,2006-01-09
Y0609,2006-07-19,2006-01-10
Y0611,2006-09-08,2006-07-20
Y0701,2006-10-30,2006-09-11
Y0705,2007-03-19,2006-10-31
Y0709,2007-07-30,2007-03-20
Y0801,2007-09-14,2007-07-31
Y0805,2008-02-27,2007-09-17
Y0809,2008-07-04,2008-02-28
Y0901,2008-11-19,2008-07-07
Y0905,2009-02-24,2008-11-20
Y0909,2009-06-02,2009-02-25
Y1001,2009-07-31,2009-06-03
Y1005,2009-11-10,2009-08-03
Y1009,2010-04-23,2009-11-11
Y1101,2010-08-06,2010-04-26
Y1105,2010-10-26,2010-08-09
Y1109,2011-04-11,2010-10-27
Y1201,2011-07-12,2011-04-12
Y1205,2011-12-15,2011-07-13
Y1209,2012-05-29,2011-12-16
Y1301,2012-10-15,2012-05-30
Y1305,2013-01-22,2012-10-16
Y1309,2013-06-24,2013-01-23
Y1401,2013-10-17,2013-06-25
Y1405,2014-02-25,2013-10-18
Y1409,2014-06-05,2014-02-26
Y1501,2014-10-31,2014-06-06
Y1505,2015-03-03,2014-11-03
Y1509,2015-06-16,2015-03-04
Y1601,2015-11-18,2015-06-17
Y1605,2016-03-08,2015-11-19
Y1609,2016-07-05,2016-03-09
Y1701,2016-11-23,2016-07-06
Y1705,2017-03-20,2016-11-24
Y1709,2017-07-28,2017-03-21
Y1801,2017-11-30,2017-07-31
Y1805,2018-03-23,2017-12-01
Y1809,2018-07-27,2018-03-26
Y1901,2018-12-03,2018-07-30
Y1905,2019-04-02,2018-12-04
Y1909,2019-08-01,2019-04-03
Y2001,2019-11-21,2019-08-02
Y2005,2019-12-24,2019-11-22
RB0909,2009-07-13,2009-03-27
RB0910,2009-08-04,2009-07-14
RB0911,2009-09-01,2009-08-05
RB0912,2009-10-09,2009-09-02
RB1001,2009-11-06,2009-10-12
RB1002,2009-11-30,2009-11-09
RB1005,2010-03-08,2009-12-01
RB1010,2010-07-19,2010-03-09
RB1101,2010-10-13,2010-07-20
RB1105,2011-02-09,2010-10-14
RB1110,2011-08-05,2011-02-10
RB1201,2011-11-02,2011-08-08
RB1205,2012-03-01,2011-11-03
RB1210,2012-07-11,2012-03-02
RB1301,2012-10-22,2012-07-12
RB1305,2013-02-18,2012-10-23
RB1310,2013-07-03,2013-02-19
RB1401,2013-10-30,2013-07-04
RB1405,2014-03-04,2013-10-31
RB1410,2014-07-07,2014-03-05
RB1501,2014-10-20,2014-07-08
RB1505,2015-03-11,2014-10-21
RB1510,2015-07-20,2015-03-12
RB1601,2015-11-04,2015-07-21
RB1605,2016-03-11,2015-11-05
RB1610,2016-08-17,2016-03-14
RB1701,2016-11-25,2016-08-18
RB1705,2017-03-22,2016-11-28
RB1710,2017-08-08,2017-03-23
RB1801,2017-11-09,2017-08-09
RB1805,2018-03-27,2017-11-10
RB1810,2018-08-17,2018-03-28
RB1901,2018-11-28,2018-08-20
RB1905,2019-03-29,2018-11-29
RB1910,2019-08-21,2019-04-01
RB2001,2019-12-05,2019-08-22
RB2005,2019-12-24,2019-12-06
SN1507,2015-07-14,2015-03-27
SN1509,2015-09-11,2015-07-15
SN1601,2015-12-22,2015-09-14
SN1605,2016-05-04,2015-12-23
SN1609,2016-08-31,2016-05-05
SN1701,2016-12-29,2016-09-01
SN1705,2017-04-25,2016-12-30
SN1709,2017-08-30,2017-04-26
SN1801,2017-12-22,2017-08-31
SN1805,2018-04-17,2017-12-25
SN1809,2018-08-15,2018-04-18
SN1901,2018-12-06,2018-08-16
SN1905,2019-04-10,2018-12-07
SN1909,2019-08-09,2019-04-11
SN2001,2019-12-04,2019-08-12
SN2005,2019-12-24,2019-12-05
PB1109,2011-08-08,2011-03-24
PB1110,2011-09-21,2011-08-09
PB1111,2011-10-18,2011-09-22
PB1112,2011-11-16,2011-10-19
PB1201,2011-12-19,2011-11-17
PB1202,2012-01-09,2011-12-20
PB1203,2012-02-15,2012-01-10
PB1204,2012-03-12,2012-02-16
PB1205,2012-03-27,2012-03-13
PB1206,2012-04-27,2012-03-28
PB1207,2012-05-18,2012-05-02
PB1208,2012-06-29,2012-05-21
PB1209,2012-07-05,2012-07-02
PB1210,2012-09-18,2012-07-06
PB1211,2012-10-18,2012-09-19
PB1212,2012-11-13,2012-10-19
PB1301,2012-12-10,2012-11-14
PB1302,2013-01-16,2012-12-11
PB1303,2013-02-04,2013-01-17
PB1304,2013-03-07,2013-02-05
PB1305,2013-04-09,2013-03-08
PB1306,2013-05-29,2013-04-10
PB1307,2013-06-20,2013-05-30
PB1309,2013-09-13,2013-06-21
PB1312,2013-11-14,2013-09-16
PB1401,2014-01-06,2013-11-15
PB1402,2014-01-22,2014-01-07
PB1403,2014-02-19,2014-01-23
PB1404,2014-03-25,2014-02-20
PB1405,2014-05-14,2014-03-26
PB1406,2014-05-22,2014-05-15
PB1407,2014-06-05,2014-05-23
PB1408,2014-07-25,2014-06-06
PB1410,2014-09-17,2014-07-28
PB1411,2014-10-20,2014-09-18
PB1412,2014-10-30,2014-10-21
PB1501,2014-12-12,2014-10-31
PB1502,2015-01-05,2014-12-15
PB1503,2015-02-02,2015-01-06
PB1504,2015-03-04,2015-02-03
PB1505,2015-03-31,2015-03-05
PB1506,2015-05-06,2015-04-01
PB1507,2015-06-02,2015-05-07
PB1508,2015-07-10,2015-06-03
PB1509,2015-07-21,2015-07-13
PB1510,2015-09-08,2015-07-22
PB1511,2015-10-09,2015-09-09
PB1512,2015-11-10,2015-10-12
PB1601,2015-12-02,2015-11-11
PB1602,2016-01-11,2015-12-03
PB1603,2016-02-17,2016-01-12
PB1604,2016-03-08,2016-02-18
PB1605,2016-04-14,2016-03-09
PB1606,2016-05-09,2016-04-15
PB1607,2016-06-14,2016-05-10
PB1608,2016-07-07,2016-06-15
PB1609,2016-08-19,2016-07-08
PB1610,2016-09-20,2016-08-22
PB1611,2016-10-19,2016-09-21
PB1612,2016-11-07,2016-10-20
PB1701,2016-12-08,2016-11-08
PB1702,2017-01-16,2016-12-09
PB1703,2017-02-21,2017-01-17
PB1704,2017-03-16,2017-02-22
PB1705,2017-04-17,2017-03-17
PB1706,2017-05-23,2017-04-18
PB1707,2017-06-22,2017-05-24
PB1708,2017-07-21,2017-06-23
PB1709,2017-08-15,2017-07-24
PB1710,2017-09-15,2017-08-16
PB1711,2017-10-20,2017-09-18
PB1712,2017-11-16,2017-10-23
PB1801,2017-12-19,2017-11-17
PB1802,2018-01-16,2017-12-20
PB1803,2018-02-13,2018-01-17
PB1804,2018-03-13,2018-02-14
PB1805,2018-04-16,2018-03-14
PB1806,2018-05-22,2018-04-17
PB1807,2018-06-25,2018-05-23
PB1808,2018-07-20,2018-06-26
PB1809,2018-08-20,2018-07-23
PB1810,2018-09-18,2018-08-21
PB1811,2018-10-22,2018-09-19
PB1812,2018-11-14,2018-10-23
PB1901,2018-12-19,2018-11-15
PB1902,2019-01-22,2018-12-20
PB1903,2019-02-21,2019-01-23
PB1904,2019-03-18,2019-02-22
PB1905,2019-04-16,2019-03-19
PB1906,2019-05-22,2019-04-17
PB1907,2019-06-20,2019-05-23
PB1908,2019-07-16,2019-06-21
PB1909,2019-08-20,2019-07-17
PB1910,2019-09-18,2019-08-21
PB1911,2019-10-23,2019-09-19
PB1912,2019-11-14,2019-10-24
PB2001,2019-12-17,2019-11-15
PB2002,2019-12-24,2019-12-18
OI1307,2012-10-15,2012-07-16
OI1309,2013-06-06,2012-10-16
OI1401,2013-10-22,2013-06-07
OI1405,2014-01-30,2013-10-23
OI1409,2014-06-09,2014-02-07
OI1501,2014-11-14,2014-06-10
OI1505,2015-03-10,2014-11-17
OI1509,2015-06-12,2015-03-11
OI1601,2015-11-10,2015-06-15
OI1605,2016-03-08,2015-11-11
OI1609,2016-07-05,2016-03-09
OI1701,2016-11-22,2016-07-06
OI1705,2017-03-15,2016-11-23
OI1709,2017-07-10,2017-03-16
OI1801,2017-11-20,2017-07-11
OI1805,2018-03-21,2017-11-21
OI1809,2018-07-13,2018-03-22
OI1901,2018-12-04,2018-07-16
OI1905,2019-04-02,2018-12-05
OI1909,2019-07-31,2019-04-03
OI2001,2019-12-09,2019-08-01
OI2005,2019-12-24,2019-12-10
JR1403,2013-11-18,2013-11-18
JR1405,2014-05-15,2013-11-19
JR1409,2014-08-29,2014-05-16
JR1501,2015-01-15,2014-09-01
JR1511,2015-11-12,2015-01-16
JR1609,2016-09-13,2015-11-13
JR1701,2017-01-13,2016-09-14
JR1711,2017-11-13,2017-01-16
JR1807,2018-07-12,2017-11-14
JR1809,2018-07-20,2018-07-13
JR1907,2019-07-11,2018-07-23
JR2005,2019-12-24,2019-07-12
WH1307,2012-11-06,2012-07-24
WH1309,2013-06-21,2012-11-07
WH1401,2013-11-14,2013-06-24
WH1405,2014-04-29,2013-11-15
WH1409,2014-08-07,2014-04-30
WH1501,2015-01-15,2014-08-08
WH1505,2015-05-14,2015-01-16
WH1601,2015-10-20,2015-05-15
WH1605,2016-04-18,2015-10-21
WH1609,2016-07-19,2016-04-19
WH1701,2016-12-21,2016-07-20
WH1705,2017-04-25,2016-12-22
WH1709,2017-07-11,2017-04-26
WH1801,2017-12-28,2017-07-12
WH1805,2018-04-13,2017-12-29
WH1809,2018-07-16,2018-04-16
WH1901,2018-12-25,2018-07-17
WH1905,2019-04-25,2018-12-26
WH1909,2019-09-10,2019-04-26
WH2001,2019-12-24,2019-09-11
EG1906,2019-04-30,2018-12-10
EG1909,2019-08-02,2019-05-06
EG2001,2019-12-05,2019-08-05
EG2005,2019-12-24,2019-12-06
JD1403,2013-11-08,2013-11-08
JD1405,2014-03-17,2013-11-11
JD1409,2014-07-29,2014-03-18
JD1501,2014-11-28,2014-07-30
JD1505,2015-04-01,2014-12-01
JD1509,2015-08-03,2015-04-02
JD1601,2015-11-26,2015-08-04
JD1605,2016-03-24,2015-11-27
JD1609,2016-07-29,2016-03-25
JD1701,2016-11-29,2016-08-01
JD1705,2017-04-12,2016-11-30
JD1709,2017-08-02,2017-04-13
JD1801,2017-11-30,2017-08-03
JD1805,2018-04-09,2017-12-01
JD1809,2018-08-06,2018-04-10
JD1901,2018-12-07,2018-08-07
JD1905,2019-04-04,2018-12-10
JD1909,2019-08-05,2019-04-08
JD2001,2019-12-02,2019-08-06
JD2005,2019-12-24,2019-12-03
HC1407,2014-03-21,2014-03-21
HC1410,2014-08-29,2014-03-24
HC1501,2014-12-18,2014-09-01
HC1505,2015-04-07,2014-12-19
HC1510,2015-07-28,2015-04-08
HC1601,2015-11-30,2015-07-29
HC1605,2016-04-13,2015-12-01
HC1610,2016-09-01,2016-04-14
HC1701,2016-11-29,2016-09-02
HC1705,2017-03-28,2016-11-30
HC1710,2017-08-10,2017-03-29
HC1801,2017-11-24,2017-08-11
HC1805,2018-04-04,2017-11-27
HC1810,2018-08-20,2018-04-09
HC1901,2018-11-28,2018-08-21
HC1905,2019-04-09,2018-11-29
HC1910,2019-08-26,2019-04-10
HC2001,2019-12-13,2019-08-27
HC2005,2019-12-24,2019-12-16
CU0004,2000-01-05,2000-01-04
CU0005,2000-02-14,2000-01-06
CU0006,2000-03-02,2000-02-15
CU0007,2000-04-06,2000-03-03
CU0008,2000-05-10,2000-04-07
CU0009,2000-05-31,2000-05-11
CU0010,2000-06-30,2000-06-01
CU0011,2000-07-27,2000-07-03
CU0012,2000-09-06,2000-07-28
CU0101,2000-10-10,2000-09-07
CU0102,2000-10-18,2000-10-11
CU0103,2000-11-22,2000-10-19
CU0104,2000-12-11,2000-11-23
CU0105,2001-02-09,2000-12-12
CU0106,2001-02-27,2001-02-12
CU0107,2001-03-30,2001-02-28
CU0108,2001-05-15,2001-04-02
CU0109,2001-06-01,2001-05-16
CU0110,2001-07-26,2001-06-04
CU0111,2001-08-01,2001-07-27
CU0112,2001-08-24,2001-08-02
CU0201,2001-11-01,2001-08-27
CU0203,2001-11-15,2001-11-02
CU0204,2001-12-11,2001-11-16
CU0205,2002-01-17,2001-12-12
CU0206,2002-02-26,2002-01-18
CU0207,2002-03-26,2002-02-27
CU0208,2002-04-25,2002-03-27
CU0209,2002-05-29,2002-04-26
CU0210,2002-06-26,2002-05-30
CU0211,2002-07-23,2002-06-27
CU0212,2002-08-30,2002-07-24
CU0301,2002-09-24,2002-09-02
CU0302,2002-10-25,2002-09-25
CU0303,2002-11-21,2002-10-28
CU0304,2002-12-13,2002-11-22
CU0305,2003-01-14,2002-12-16
CU0306,2003-02-26,2003-01-15
CU0307,2003-03-20,2003-02-27
CU0308,2003-04-28,2003-03-21
CU0309,2003-06-02,2003-04-29
CU0310,2003-06-27,2003-06-03
CU0311,2003-07-23,2003-06-30
CU0312,2003-08-22,2003-07-24
CU0401,2003-09-26,2003-08-25
CU0402,2003-10-16,2003-09-29
CU0403,2003-10-29,2003-10-17
CU0404,2003-11-04,2003-10-30
CU0405,2003-11-19,2003-11-05
CU0406,2003-12-09,2003-11-20
CU0407,2003-12-30,2003-12-10
CU0408,2004-02-16,2003-12-31
CU0409,2004-04-07,2004-02-17
CU0410,2004-07-13,2004-04-08
CU0411,2004-08-26,2004-07-14
CU0412,2004-10-19,2004-08-27
CU0501,2004-12-06,2004-10-20
CU0502,2005-01-04,2004-12-07
CU0503,2005-01-28,2005-01-05
CU0504,2005-03-02,2005-01-31
CU0505,2005-03-24,2005-03-03
CU0506,2005-04-25,2005-03-25
CU0507,2005-06-01,2005-04-26
CU0508,2005-07-01,2005-06-02
CU0509,2005-08-03,2005-07-04
CU0510,2005-08-31,2005-08-04
CU0511,2005-09-22,2005-09-01
CU0512,2005-10-25,2005-09-23
CU0601,2005-12-01,2005-10-26
CU0602,2005-12-26,2005-12-02
CU0603,2006-01-25,2005-12-27
CU0604,2006-02-23,2006-02-06
CU0605,2006-03-23,2006-02-24
CU0606,2006-04-19,2006-03-24
CU0607,2006-05-15,2006-04-20
CU0608,2006-06-15,2006-05-16
CU0609,2006-07-20,2006-06-16
CU0610,2006-09-07,2006-07-21
CU0611,2006-10-17,2006-09-08
CU0612,2006-11-03,2006-10-18
CU0701,2006-12-07,2006-11-06
CU0702,2007-01-05,2006-12-08
CU0703,2007-01-30,2007-01-08
CU0704,2007-03-01,2007-01-31
CU0705,2007-03-21,2007-03-02
CU0706,2007-04-11,2007-03-22
CU0707,2007-05-17,2007-04-12
CU0708,2007-06-19,2007-05-18
CU0709,2007-07-23,2007-06-20
CU0710,2007-08-23,2007-07-24
CU0711,2007-09-21,2007-08-24
CU0712,2007-10-22,2007-09-24
CU0801,2007-11-22,2007-10-23
CU0802,2007-12-21,2007-11-23
CU0803,2008-01-17,2007-12-24
CU0804,2008-02-19,2008-01-18
CU0805,2008-03-17,2008-02-20
CU0806,2008-04-17,2008-03-18
CU0807,2008-05-22,2008-04-18
CU0808,2008-06-24,2008-05-23
CU0809,2008-07-24,2008-06-25
CU0810,2008-08-15,2008-07-25
CU0811,2008-09-16,2008-08-18
CU0812,2008-10-17,2008-09-17
CU0901,2008-11-19,2008-10-20
CU0902,2008-12-17,2008-11-20
CU0903,2009-01-14,2008-12-18
CU0904,2009-02-09,2009-01-15
CU0905,2009-03-06,2009-02-10
CU0906,2009-03-31,2009-03-09
CU0907,2009-04-22,2009-04-01
CU0908,2009-05-27,2009-04-23
CU0909,2009-06-22,2009-06-01
CU0910,2009-07-20,2009-06-23
CU0911,2009-08-19,2009-07-21
CU0912,2009-09-30,2009-08-20
CU1001,2009-11-09,2009-10-09
CU1002,2009-11-26,2009-11-10
CU1003,2009-12-25,2009-11-27
CU1004,2010-01-19,2009-12-28
CU1005,2010-02-24,2010-01-20
CU1006,2010-03-26,2010-02-25
CU1007,2010-04-28,2010-03-29
CU1008,2010-05-27,2010-04-29
CU1009,2010-06-29,2010-05-28
CU1010,2010-07-28,2010-06-30
CU1011,2010-08-24,2010-07-29
CU1012,2010-10-08,2010-08-25
CU1101,2010-10-27,2010-10-11
CU1102,2010-11-19,2010-10-28
CU1103,2010-12-31,2010-11-22
CU1104,2011-02-01,2011-01-04
CU1105,2011-03-15,2011-02-09
CU1106,2011-04-25,2011-03-16
CU1107,2011-05-24,2011-04-26
CU1108,2011-06-27,2011-05-25
CU1109,2011-07-22,2011-06-28
CU1110,2011-08-16,2011-07-25
CU1111,2011-09-16,2011-08-17
CU1112,2011-10-19,2011-09-19
CU1201,2011-11-17,2011-10-20
CU1202,2011-12-15,2011-11-18
CU1203,2012-01-17,2011-12-16
CU1204,2012-02-10,2012-01-18
CU1205,2012-03-06,2012-02-13
CU1206,2012-04-05,2012-03-07
CU1207,2012-04-27,2012-04-06
CU1208,2012-05-17,2012-05-02
CU1209,2012-06-20,2012-05-18
CU1210,2012-07-19,2012-06-21
CU1211,2012-08-14,2012-07-20
CU1212,2012-09-17,2012-08-15
CU1301,2012-10-26,2012-09-18
CU1302,2012-11-26,2012-10-29
CU1303,2012-12-25,2012-11-27
CU1304,2013-01-25,2012-12-26
CU1305,2013-02-26,2013-01-28
CU1306,2013-03-18,2013-02-27
CU1307,2013-04-03,2013-03-19
CU1308,2013-05-02,2013-04-08
CU1309,2013-06-06,2013-05-03
CU1310,2013-07-08,2013-06-07
CU1311,2013-08-16,2013-07-09
CU1312,2013-10-09,2013-08-19
CU1401,2013-11-18,2013-10-10
CU1402,2013-12-20,2013-11-19
CU1403,2014-01-15,2013-12-23
CU1404,2014-02-20,2014-01-16
CU1405,2014-03-11,2014-02-21
CU1406,2014-04-02,2014-03-12
CU1407,2014-05-14,2014-04-03
CU1408,2014-06-26,2014-05-15
CU1409,2014-07-31,2014-06-27
CU1410,2014-09-01,2014-08-01
CU1411,2014-09-24,2014-09-02
CU1412,2014-10-17,2014-09-25
CU1501,2014-11-26,2014-10-20
CU1502,2014-12-18,2014-11-27
CU1503,2015-01-23,2014-12-19
CU1504,2015-02-25,2015-01-26
CU1505,2015-03-23,2015-02-26
CU1506,2015-04-27,2015-03-24
CU1507,2015-05-26,2015-04-28
CU1508,2015-06-26,2015-05-27
CU1509,2015-07-24,2015-06-29
CU1510,2015-08-27,2015-07-27
CU1511,2015-09-25,2015-08-28
CU1512,2015-10-29,2015-09-28
CU1601,2015-11-26,2015-10-30
CU1602,2015-12-29,2015-11-27
CU1603,2016-01-29,2015-12-30
CU1604,2016-02-29,2016-02-01
CU1605,2016-03-29,2016-03-01
CU1606,2016-04-26,2016-03-30
CU1607,2016-05-27,2016-04-27
CU1608,2016-06-28,2016-05-30
CU1609,2016-08-01,2016-06-29
CU1610,2016-09-02,2016-08-02
CU1611,2016-09-28,2016-09-05
CU1612,2016-10-31,2016-09-29
CU1701,2016-11-28,2016-11-01
CU1702,2016-12-28,2016-11-29
CU1703,2017-02-10,2016-12-29
CU1704,2017-03-09,2017-02-13
CU1705,2017-04-12,2017-03-10
CU1706,2017-05-09,2017-04-13
CU1707,2017-06-01,2017-05-10
CU1708,2017-07-03,2017-06-02
CU1709,2017-07-31,2017-07-04
CU1710,2017-09-06,2017-08-01
CU1711,2017-09-29,2017-09-07
CU1712,2017-11-07,2017-10-09
CU1801,2017-12-05,2017-11-08
CU1802,2017-12-28,2017-12-06
CU1803,2018-02-05,2017-12-29
CU1804,2018-03-01,2018-02-06
CU1805,2018-04-13,2018-03-02
CU1806,2018-05-09,2018-04-16
CU1807,2018-06-06,2018-05-10
CU1808,2018-07-09,2018-06-07
CU1809,2018-08-09,2018-07-10
CU1810,2018-09-05,2018-08-10
CU1811,2018-10-22,2018-09-06
CU1812,2018-11-06,2018-10-23
CU1901,2018-11-30,2018-11-07
CU1902,2019-01-02,2018-12-03
CU1903,2019-02-15,2019-01-03
CU1904,2019-03-05,2019-02-18
CU1905,2019-04-18,2019-03-06
CU1906,2019-05-10,2019-04-19
CU1907,2019-06-11,2019-05-13
CU1908,2019-07-09,2019-06-12
CU1909,2019-08-09,2019-07-10
CU1910,2019-09-09,2019-08-12
CU1911,2019-10-11,2019-09-10
CU1912,2019-11-13,2019-10-14
CU2001,2019-12-09,2019-11-14
CU2002,2019-12-24,2019-12-10
TA0702,2006-12-18,2006-12-18
TA0705,2007-04-05,2006-12-19
TA0706,2007-05-15,2007-04-06
TA0707,2007-07-12,2007-05-16
TA0709,2007-09-03,2007-07-13
TA0712,2007-11-02,2007-09-04
TA0801,2007-12-12,2007-11-05
TA0803,2008-02-18,2007-12-13
TA0805,2008-05-15,2008-02-19
TA0807,2008-06-02,2008-05-16
TA0809,2008-09-11,2008-06-03
TA0811,2008-10-15,2008-09-12
TA0901,2008-12-05,2008-10-16
TA0905,2009-04-07,2008-12-08
TA0909,2009-08-11,2009-04-08
TA0910,2009-09-07,2009-08-12
TA0911,2009-09-30,2009-09-08
TA0912,2009-10-26,2009-10-09
TA1001,2009-12-02,2009-10-27
TA1002,2009-12-29,2009-12-03
TA1003,2010-01-21,2009-12-30
TA1005,2010-03-26,2010-01-22
TA1009,2010-07-28,2010-03-29
TA1101,2010-11-01,2010-07-29
TA1105,2011-03-24,2010-11-02
TA1109,2011-07-04,2011-03-25
TA1201,2011-11-21,2011-07-05
TA1205,2012-03-14,2011-11-22
TA1209,2012-07-11,2012-03-15
TA1301,2012-11-05,2012-07-12
TA1305,2013-02-21,2012-11-06
TA1309,2013-07-11,2013-02-22
TA1401,2013-12-04,2013-07-12
TA1405,2014-03-13,2013-12-05
TA1409,2014-08-06,2014-03-14
TA1501,2014-11-25,2014-08-07
TA1505,2015-03-30,2014-11-26
TA1509,2015-08-05,2015-03-31
TA1601,2015-11-24,2015-08-06
TA1605,2016-03-30,2015-11-25
TA1609,2016-08-04,2016-03-31
TA1701,2016-11-17,2016-08-05
TA1705,2017-04-07,2016-11-18
TA1709,2017-08-07,2017-04-10
TA1801,2017-11-22,2017-08-08
TA1805,2018-03-28,2017-11-23
TA1809,2018-08-06,2018-03-29
TA1901,2018-11-30,2018-08-07
TA1905,2019-04-08,2018-12-03
TA1909,2019-08-14,2019-04-09
TA2001,2019-12-10,2019-08-15
TA2005,2019-12-24,2019-12-11
V0909,2009-07-28,2009-05-25
V0911,2009-10-12,2009-07-29
V1001,2009-12-01,2009-10-13
V1003,2010-01-18,2009-12-02
V1005,2010-03-31,2010-01-19
V1009,2010-08-03,2010-04-01
V1101,2010-11-10,2010-08-04
V1105,2011-04-19,2010-11-11
V1109,2011-07-22,2011-04-20
V1201,2011-11-10,2011-07-25
V1205,2012-03-27,2011-11-11
V1209,2012-07-13,2012-03-28
V1301,2012-11-12,2012-07-16
V1305,2013-03-21,2012-11-13
V1309,2013-07-17,2013-03-22
V1401,2013-12-05,2013-07-18
V1405,2014-03-28,2013-12-06
V1409,2014-08-05,2014-03-31
V1501,2014-11-05,2014-08-06
V1505,2015-03-27,2014-11-06
V1509,2015-08-12,2015-03-30
V1601,2015-10-19,2015-08-13
V1605,2016-03-25,2015-10-20
V1609,2016-08-18,2016-03-28
V1701,2016-12-01,2016-08-19
V1705,2017-04-07,2016-12-02
V1709,2017-08-08,2017-04-10
V1801,2017-11-29,2017-08-09
V1805,2018-04-04,2017-11-30
V1809,2018-08-08,2018-04-09
V1901,2018-12-03,2018-08-09
V1905,2019-03-26,2018-12-04
V1909,2019-08-13,2019-03-27
V2001,2019-12-10,2019-08-14
V2005,2019-12-24,2019-12-11
BB1404,2013-12-06,2013-12-06
BB1405,2014-04-17,2013-12-09
BB1409,2014-08-28,2014-04-18
BB1501,2014-12-30,2014-08-29
BB1502,2015-01-29,2014-12-31
BB1505,2015-04-30,2015-01-30
BB1509,2015-09-15,2015-05-04
BB1511,2015-11-12,2015-09-16
BB1601,2016-01-14,2015-11-13
BB1609,2016-06-21,2016-01-15
BB1701,2017-01-13,2016-06-22
BB1703,2017-03-13,2017-01-16
BB1704,2017-04-17,2017-03-14
BB1705,2017-05-12,2017-04-18
BB1804,2018-04-16,2017-05-15
BB1805,2018-05-14,2018-04-17
BB1809,2018-09-13,2018-05-15
BB1903,2019-03-13,2018-09-14
BB1910,2019-10-18,2019-03-14
BB2009,2019-12-24,2019-10-21
SM1411,2014-08-08,2014-08-08
SM1501,2015-01-15,2014-08-11
SM1505,2015-05-14,2015-01-16
SM1601,2015-12-29,2015-05-15
SM1605,2016-04-29,2015-12-30
SM1609,2016-08-30,2016-05-03
SM1701,2016-12-15,2016-08-31
SM1705,2017-04-14,2016-12-16
SM1709,2017-08-10,2017-04-17
SM1801,2017-12-22,2017-08-11
SM1805,2018-04-24,2017-12-25
SM1809,2018-08-14,2018-04-25
SM1901,2018-12-21,2018-08-15
SM1905,2019-04-19,2018-12-24
SM1909,2019-08-19,2019-04-22
SM2001,2019-12-16,2019-08-20
SM2005,2019-12-24,2019-12-17
L0710,2007-07-31,2007-07-31
L0711,2007-09-18,2007-08-01
L0801,2007-12-10,2007-09-19
L0805,2008-04-01,2007-12-11
L0809,2008-08-08,2008-04-02
L0901,2008-12-10,2008-08-11
L0903,2009-01-06,2008-12-11
L0905,2009-03-30,2009-01-07
L0907,2009-05-13,2009-03-31
L0909,2009-07-21,2009-05-14
L0911,2009-09-30,2009-07-22
L1001,2009-12-02,2009-10-09
L1005,2010-03-26,2009-12-03
L1009,2010-07-30,2010-03-29
L1101,2010-11-10,2010-08-02
L1105,2011-03-28,2010-11-11
L1109,2011-07-18,2011-03-29
L1201,2011-11-09,2011-07-19
L1205,2012-03-15,2011-11-10
L1209,2012-07-16,2012-03-16
L1301,2012-11-01,2012-07-17
L1305,2013-02-07,2012-11-02
L1309,2013-07-03,2013-02-08
L1401,2013-11-14,2013-07-04
L1405,2014-03-06,2013-11-15
L1409,2014-07-23,2014-03-07
L1501,2014-11-28,2014-07-24
L1505,2015-03-18,2014-12-01
L1509,2015-08-03,2015-03-19
L1601,2015-11-26,2015-08-04
L1605,2016-03-24,2015-11-27
L1609,2016-07-25,2016-03-25
L1701,2016-11-28,2016-07-26
L1705,2017-04-06,2016-11-29
L1709,2017-07-31,2017-04-07
L1801,2017-11-28,2017-08-01
L1805,2018-04-04,2017-11-29
L1809,2018-07-31,2018-04-09
L1901,2018-11-16,2018-08-01
L1905,2019-04-01,2018-11-19
L1909,2019-08-02,2019-04-02
L2001,2019-12-04,2019-08-05
L2005,2019-12-24,2019-12-05
RM1305,2013-02-18,2012-12-28
RM1309,2013-05-30,2013-02-19
RM1401,2013-11-13,2013-05-31
RM1405,2014-01-30,2013-11-14
RM1409,2014-07-24,2014-02-07
RM1501,2014-11-12,2014-07-25
RM1505,2015-03-03,2014-11-13
RM1509,2015-07-23,2015-03-04
RM1601,2015-11-30,2015-07-24
RM1605,2016-03-14,2015-12-01
RM1609,2016-08-04,2016-03-15
RM1701,2016-11-25,2016-08-05
RM1705,2017-03-20,2016-11-28
RM1709,2017-08-02,2017-03-21
RM1801,2017-12-06,2017-08-03
RM1805,2018-03-26,2017-12-07
RM1809,2018-07-26,2018-03-27
RM1901,2018-11-29,2018-07-27
RM1905,2019-04-02,2018-11-30
RM1909,2019-08-08,2019-04-03
RM2001,2019-12-04,2019-08-09
RM2005,2019-12-24,2019-12-05
MA1506,2015-04-16,2014-06-17
MA1509,2015-07-27,2015-04-17
MA1601,2015-11-27,2015-07-28
MA1605,2016-04-08,2015-11-30
MA1609,2016-08-09,2016-04-11
MA1701,2016-12-01,2016-08-10
MA1705,2017-04-06,2016-12-02
MA1709,2017-08-04,2017-04-07
MA1801,2017-12-08,2017-08-07
MA1805,2018-04-11,2017-12-11
MA1809,2018-08-08,2018-04-12
MA1901,2018-12-12,2018-08-09
MA1905,2019-04-12,2018-12-13
MA1909,2019-08-15,2019-04-15
MA2001,2019-12-12,2019-08-16
MA2005,2019-12-24,2019-12-13
P0801,2007-10-29,2007-10-29
P0805,2008-04-18,2007-10-30
P0809,2008-08-06,2008-04-21
P0901,2008-11-26,2008-08-07
P0905,2009-03-03,2008-11-27
P0909,2009-06-12,2009-03-04
P1001,2009-08-07,2009-06-15
P1005,2009-11-26,2009-08-10
P1009,2010-04-27,2009-11-27
P1101,2010-09-13,2010-04-28
P1105,2010-11-04,2010-09-14
P1109,2011-04-11,2010-11-05
P1201,2011-07-19,2011-04-12
P1205,2012-01-18,2011-07-20
P1209,2012-06-06,2012-01-19
P1301,2012-10-24,2012-06-07
P1305,2013-02-08,2012-10-25
P1309,2013-06-14,2013-02-18
P1401,2013-11-04,2013-06-17
P1405,2014-02-26,2013-11-05
P1409,2014-06-16,2014-02-27
P1501,2014-11-07,2014-06-17
P1505,2015-03-09,2014-11-10
P1509,2015-06-04,2015-03-10
P1601,2015-11-26,2015-06-05
P1605,2016-03-15,2015-11-27
P1609,2016-07-07,2016-03-16
P1701,2016-11-23,2016-07-08
P1705,2017-03-10,2016-11-24
P1709,2017-07-11,2017-03-13
P1801,2017-11-21,2017-07-12
P1805,2018-03-21,2017-11-22
P1809,2018-07-20,2018-03-22
P1901,2018-12-03,2018-07-23
P1905,2019-04-09,2018-12-04
P1909,2019-08-05,2019-04-10
P2001,2019-11-26,2019-08-06
P2005,2019-12-24,2019-11-27
AG1209,2012-07-24,2012-05-10
AG1212,2012-11-01,2012-07-25
AG1301,2012-12-17,2012-11-02
AG1306,2013-05-07,2012-12-18
AG1312,2013-11-26,2013-05-08
AG1406,2014-05-12,2013-11-27
AG1412,2014-11-05,2014-05-13
AG1506,2015-05-06,2014-11-06
AG1512,2015-11-17,2015-05-07
AG1606,2016-05-09,2015-11-18
AG1612,2016-11-10,2016-05-10
AG1706,2017-05-10,2016-11-11
AG1712,2017-11-21,2017-05-11
AG1806,2018-05-03,2017-11-22
AG1812,2018-11-02,2018-05-04
AG1906,2019-05-08,2018-11-05
AG1912,2019-11-13,2019-05-09
AG2002,2019-12-24,2019-11-14
FB1404,2013-12-06,2013-12-06
FB1405,2014-04-17,2013-12-09
FB1409,2014-08-27,2014-04-18
FB1501,2014-12-30,2014-08-28
FB1505,2015-05-14,2014-12-31
FB1507,2015-07-13,2015-05-15
FB1509,2015-08-31,2015-07-14
FB1601,2016-01-14,2015-09-01
FB1604,2016-04-14,2016-01-15
FB1605,2016-05-13,2016-04-15
FB1702,2017-02-13,2016-11-18
FB1704,2016-11-17,2016-05-16
FB1709,2017-07-10,2017-02-14
FB1801,2018-01-12,2017-07-11
FB1808,2018-08-13,2018-01-15
FB1809,2018-09-07,2018-08-28
FB1810,2018-10-12,2018-09-10
FB1901,2018-12-28,2018-10-15
FB1903,2019-03-05,2019-01-02
FB1904,2019-03-28,2019-03-06
FB1905,2019-04-30,2019-03-29
FB1906,2019-06-14,2019-05-06
FB1907,2018-08-27,2018-08-14
FB1908,2019-07-31,2019-06-17
FB1909,2019-09-02,2019-08-01
FB1910,2019-09-30,2019-09-03
FB1911,2019-11-13,2019-10-08
FB2005,2019-12-24,2019-12-03
FB2009,2019-12-02,2019-11-14
SF1411,2014-08-08,2014-08-08
SF1501,2014-12-29,2014-08-11
SF1505,2015-05-14,2014-12-30
SF1509,2015-08-17,2015-05-15
SF1601,2015-12-30,2015-08-18
SF1605,2016-04-29,2015-12-31
SF1609,2016-07-08,2016-05-03
SF1701,2017-01-13,2016-09-28
SF1705,2016-09-27,2016-08-01
SF1706,2016-07-29,2016-07-11
SF1709,2017-02-20,2017-01-16
SF1801,2017-03-13,2017-02-21
SF1802,2017-09-20,2017-03-14
SF1805,2018-04-19,2017-09-21
SF1809,2018-08-15,2018-04-20
SF1901,2018-12-21,2018-08-16
SF1905,2019-04-22,2018-12-24
SF1909,2019-08-23,2019-04-23
SF2001,2019-12-23,2019-08-26
SF2005,2019-12-24,2019-12-24
CJ1912,2019-11-07,2019-04-30
CJ2001,2019-12-02,2019-11-08
CJ2005,2019-12-24,2019-12-03
FU0501,2004-11-23,2004-08-25
FU0503,2005-02-25,2004-11-24
FU0505,2005-03-16,2005-02-28
FU0506,2005-04-14,2005-03-17
FU0507,2005-05-23,2005-04-15
FU0508,2005-06-15,2005-05-24
FU0509,2005-07-08,2005-06-16
FU0510,2005-08-03,2005-07-11
FU0511,2005-09-08,2005-08-04
FU0512,2005-10-18,2005-09-09
FU0602,2005-11-30,2005-10-19
FU0603,2006-01-05,2005-12-01
FU0604,2006-02-08,2006-01-06
FU0605,2006-03-06,2006-02-09
FU0606,2006-04-04,2006-03-07
FU0607,2006-05-10,2006-04-05
FU0608,2006-06-07,2006-05-11
FU0609,2006-07-18,2006-06-08
FU0610,2006-08-17,2006-07-19
FU0611,2006-09-14,2006-08-18
FU0612,2006-10-23,2006-09-15
FU0701,2006-11-17,2006-10-24
FU0703,2007-01-17,2006-11-20
FU0704,2007-01-26,2007-01-18
FU0705,2007-03-14,2007-01-29
FU0706,2007-04-02,2007-03-15
FU0707,2007-05-10,2007-04-03
FU0708,2007-06-07,2007-05-11
FU0709,2007-07-09,2007-06-08
FU0710,2007-08-09,2007-07-10
FU0711,2007-09-05,2007-08-10
FU0712,2007-10-10,2007-09-06
FU0801,2007-11-09,2007-10-11
FU0803,2008-01-04,2007-11-12
FU0805,2008-03-17,2008-01-07
FU0806,2008-04-22,2008-03-18
FU0807,2008-05-21,2008-04-23
FU0808,2008-06-16,2008-05-22
FU0809,2008-07-15,2008-06-17
FU0810,2008-08-15,2008-07-16
FU0811,2008-09-17,2008-08-18
FU0812,2008-10-24,2008-09-18
FU0902,2008-12-11,2008-10-27
FU0903,2009-01-15,2008-12-12
FU0905,2009-03-09,2009-01-16
FU0906,2009-04-08,2009-03-10
FU0907,2009-05-08,2009-04-09
FU0908,2009-06-05,2009-05-11
FU0909,2009-07-08,2009-06-08
FU0910,2009-08-03,2009-07-09
FU0911,2009-09-08,2009-08-04
FU0912,2009-10-14,2009-09-09
FU1001,2009-11-16,2009-10-15
FU1003,2009-12-29,2009-11-17
FU1005,2010-03-17,2009-12-30
FU1006,2010-04-28,2010-03-18
FU1007,2010-05-18,2010-04-29
FU1009,2010-07-30,2010-05-19
FU1010,2010-08-19,2010-08-02
FU1011,2010-09-17,2010-08-20
FU1012,2010-10-11,2010-09-20
FU1101,2010-11-08,2010-10-12
FU1103,2011-01-10,2010-11-09
FU1105,2011-04-06,2011-01-11
FU1109,2011-08-09,2011-04-07
FU1112,2011-11-29,2011-08-10
FU1203,2012-02-01,2011-11-30
FU1205,2012-04-26,2012-02-02
FU1209,2012-08-08,2012-04-27
FU1301,2012-12-28,2012-08-09
FU1305,2013-04-25,2012-12-31
FU1309,2013-08-29,2013-04-26
FU1310,2013-09-27,2013-08-30
FU1312,2013-11-28,2013-09-30
FU1408,2014-03-18,2013-11-29
FU1411,2014-08-28,2014-03-19
FU1503,2015-02-17,2014-12-02
FU1505,2014-12-01,2014-08-29
FU1506,2015-05-28,2015-02-25
FU1509,2015-08-28,2015-05-29
FU1510,2015-09-29,2015-08-31
FU1601,2015-12-30,2015-09-30
FU1604,2016-03-30,2015-12-31
FU1605,2016-04-28,2016-03-31
FU1702,2016-11-25,2016-04-29
FU1704,2017-03-30,2016-11-28
FU1711,2017-10-30,2017-03-31
FU1810,2018-06-27,2017-10-31
FU1812,2018-06-28,2018-06-28
FU1901,2018-11-19,2018-07-16
FU1905,2019-04-04,2018-11-20
FU1909,2019-07-15,2019-04-08
FU2001,2019-11-27,2019-07-16
FU2005,2019-12-24,2019-11-28
C0501,2004-09-24,2004-09-22
C0505,2005-03-21,2004-09-27
C0507,2005-05-12,2005-03-22
C0509,2005-07-21,2005-05-13
C0511,2005-08-11,2005-07-22
C0601,2005-10-10,2005-08-12
C0605,2005-11-16,2005-10-11
C0609,2006-04-18,2005-11-17
C0701,2006-05-18,2006-04-19
C0703,2006-07-27,2006-05-19
C0705,2007-01-16,2006-07-28
C0709,2007-06-25,2007-01-17
C0801,2007-08-13,2007-06-26
C0805,2008-01-15,2007-08-14
C0809,2008-04-17,2008-01-16
C0901,2008-08-25,2008-04-18
C0905,2009-02-16,2008-08-26
C0909,2009-06-05,2009-02-17
C1001,2009-08-13,2009-06-08
C1005,2009-12-28,2009-08-14
C1009,2010-06-23,2009-12-29
C1101,2010-08-27,2010-06-24
C1105,2010-11-15,2010-08-30
C1109,2011-05-23,2010-11-16
C1201,2011-08-09,2011-05-24
C1205,2011-12-09,2011-08-10
C1209,2012-07-09,2011-12-12
C1301,2012-10-24,2012-07-10
C1305,2013-02-18,2012-10-25
C1309,2013-07-05,2013-02-19
C1401,2013-10-16,2013-07-08
C1405,2014-03-27,2013-10-17
C1409,2014-07-14,2014-03-28
C1501,2014-10-13,2014-07-15
C1505,2015-01-27,2014-10-14
C1509,2015-07-27,2015-01-28
C1601,2015-09-09,2015-07-28
C1605,2016-02-22,2015-09-10
C1609,2016-03-28,2016-02-23
C1701,2016-11-14,2016-03-29
C1705,2017-03-09,2016-11-15
C1709,2017-08-02,2017-03-10
C1801,2017-12-05,2017-08-03
C1805,2018-03-15,2017-12-06
C1809,2018-07-09,2018-03-16
C1901,2018-11-15,2018-07-10
C1905,2019-03-26,2018-11-16
C1909,2019-08-01,2019-03-27
C2001,2019-11-28,2019-08-02
C2005,2019-12-24,2019-11-29
AP1805,2018-04-11,2017-12-22
AP1810,2018-07-17,2018-04-12
AP1901,2018-11-08,2018-07-18
AP1905,2019-04-15,2018-11-09
AP1910,2019-09-12,2019-04-16
AP2001,2019-12-17,2019-09-16
AP2005,2019-12-24,2019-12-18
WR0909,2009-07-29,2009-03-27
WR0910,2009-08-14,2009-07-30
WR0911,2009-10-13,2009-08-17
WR0912,2009-10-19,2009-10-14
WR1001,2009-11-10,2009-10-20
WR1002,2009-12-22,2009-11-11
WR1005,2010-05-14,2009-12-23
WR1010,2010-09-29,2010-05-17
WR1011,2010-10-25,2010-10-21
WR1101,2010-11-19,2010-10-26
WR1105,2011-01-21,2010-11-22
WR1108,2010-10-20,2010-09-30
WR1110,2011-10-14,2011-04-26
WR1111,2011-04-25,2011-01-24
WR1206,2012-06-04,2011-10-17
WR1210,2012-07-30,2012-06-05
WR1301,2012-12-11,2012-07-31
WR1305,2013-02-22,2012-12-12
WR1309,2013-04-26,2013-04-22
WR1310,2013-04-19,2013-02-25
WR1402,2014-02-14,2013-05-21
WR1403,2013-05-20,2013-05-02
WR1409,2014-09-12,2014-02-17
WR1504,2015-04-14,2014-09-15
WR1510,2015-10-14,2015-04-15
WR1604,2016-04-14,2015-10-15
WR1703,2017-03-14,2016-04-15
WR1710,2017-10-13,2017-04-27
WR1712,2017-04-26,2017-03-15
WR1809,2018-08-30,2017-10-16
WR1902,2018-08-31,2018-08-31
WR1903,2018-10-16,2018-10-16
WR1905,2019-05-13,2018-10-17
WR1907,2019-07-12,2019-05-14
WR1910,2019-10-14,2019-07-15
WR2001,2019-12-24,2019-10-15
SR0605,2006-02-21,2006-01-06
SR0609,2006-04-03,2006-02-22
SR0701,2006-05-10,2006-04-04
SR0703,2006-10-25,2006-05-11
SR0705,2007-03-20,2006-10-26
SR0707,2007-04-24,2007-03-21
SR0709,2007-05-31,2007-04-25
SR0801,2007-08-17,2007-06-01
SR0805,2007-12-10,2007-08-20
SR0807,2008-02-20,2007-12-11
SR0809,2008-04-16,2008-02-21
SR0901,2008-09-16,2008-04-17
SR0905,2009-02-02,2008-09-17
SR0909,2009-05-13,2009-02-03
SR1001,2009-07-31,2009-05-14
SR1005,2009-11-20,2009-08-03
SR1009,2010-03-18,2009-11-23
SR1101,2010-08-18,2010-03-19
SR1105,2010-11-01,2010-08-19
SR1109,2011-06-14,2010-11-02
SR1201,2011-09-19,2011-06-15
SR1205,2011-12-28,2011-09-20
SR1209,2012-05-28,2011-12-29
SR1301,2012-10-26,2012-05-29
SR1305,2013-01-23,2012-10-29
SR1309,2013-06-28,2013-01-24
SR1401,2013-11-11,2013-07-01
SR1405,2014-02-21,2013-11-12
SR1409,2014-06-18,2014-02-24
SR1501,2014-11-11,2014-06-19
SR1505,2015-02-13,2014-11-12
SR1509,2015-06-24,2015-02-16
SR1601,2015-11-17,2015-06-25
SR1605,2016-03-01,2015-11-18
SR1609,2016-07-21,2016-03-02
SR1701,2016-12-07,2016-07-22
SR1705,2017-03-30,2016-12-08
SR1709,2017-07-17,2017-03-31
SR1801,2017-12-13,2017-07-18
SR1805,2018-03-29,2017-12-14
SR1809,2018-07-30,2018-03-30
SR1901,2018-11-12,2018-07-31
SR1905,2019-03-19,2018-11-13
SR1909,2019-07-26,2019-03-20
SR2001,2019-12-03,2019-07-29
SR2005,2019-12-24,2019-12-04
IF1005,2010-05-17,2010-04-16
IF1006,2010-06-17,2010-05-18
IF1007,2010-07-14,2010-06-18
IF1008,2010-08-17,2010-07-15
IF1009,2010-09-16,2010-08-18
IF1010,2010-10-14,2010-09-17
IF1011,2010-11-11,2010-10-15
IF1012,2010-12-15,2010-11-12
IF1101,2011-01-19,2010-12-16
IF1102,2011-02-14,2011-01-20
IF1103,2011-03-16,2011-02-15
IF1104,2011-04-13,2011-03-17
IF1105,2011-05-17,2011-04-14
IF1106,2011-06-16,2011-05-18
IF1107,2011-07-14,2011-06-17
IF1108,2011-08-15,2011-07-15
IF1109,2011-09-15,2011-08-16
IF1110,2011-10-18,2011-09-16
IF1111,2011-11-15,2011-10-19
IF1112,2011-12-15,2011-11-16
IF1201,2012-01-17,2011-12-16
IF1202,2012-02-14,2012-01-18
IF1203,2012-03-14,2012-02-15
IF1204,2012-04-17,2012-03-15
IF1205,2012-05-15,2012-04-18
IF1206,2012-06-12,2012-05-16
IF1207,2012-07-18,2012-06-13
IF1208,2012-08-15,2012-07-19
IF1209,2012-09-18,2012-08-16
IF1210,2012-10-17,2012-09-19
IF1211,2012-11-14,2012-10-18
IF1212,2012-12-17,2012-11-15
IF1301,2013-01-16,2012-12-18
IF1302,2013-02-04,2013-01-17
IF1303,2013-03-14,2013-02-05
IF1304,2013-04-17,2013-03-15
IF1305,2013-05-10,2013-04-18
IF1306,2013-06-18,2013-05-13
IF1307,2013-07-17,2013-06-19
IF1308,2013-08-13,2013-07-18
IF1309,2013-09-17,2013-08-14
IF1310,2013-10-17,2013-09-18
IF1311,2013-11-13,2013-10-18
IF1312,2013-12-19,2013-11-14
IF1401,2014-01-16,2013-12-20
IF1402,2014-02-17,2014-01-17
IF1403,2014-03-19,2014-02-18
IF1404,2014-04-17,2014-03-20
IF1405,2014-05-13,2014-04-18
IF1406,2014-06-17,2014-05-14
IF1407,2014-07-17,2014-06-18
IF1408,2014-08-13,2014-07-18
IF1409,2014-09-17,2014-08-14
IF1410,2014-10-16,2014-09-18
IF1411,2014-11-18,2014-10-17
IF1412,2014-12-16,2014-11-19
IF1501,2015-01-15,2014-12-17
IF1502,2015-02-12,2015-01-16
IF1503,2015-03-18,2015-02-13
IF1504,2015-04-16,2015-03-19
IF1505,2015-05-12,2015-04-17
IF1506,2015-06-17,2015-05-13
IF1507,2015-07-16,2015-06-18
IF1508,2015-08-18,2015-07-17
IF1509,2015-09-17,2015-08-19
IF1510,2015-10-15,2015-09-18
IF1511,2015-11-16,2015-10-16
IF1512,2015-12-17,2015-11-17
IF1601,2016-01-14,2015-12-18
IF1602,2016-02-16,2016-01-15
IF1603,2016-03-17,2016-02-17
IF1604,2016-04-14,2016-03-18
IF1605,2016-05-17,2016-04-15
IF1606,2016-06-15,2016-05-18
IF1607,2016-07-13,2016-06-16
IF1608,2016-08-16,2016-07-14
IF1609,2016-09-13,2016-08-17
IF1610,2016-10-19,2016-09-14
IF1611,2016-11-15,2016-10-20
IF1612,2016-12-14,2016-11-16
IF1701,2017-01-18,2016-12-15
IF1702,2017-02-13,2017-01-19
IF1703,2017-03-15,2017-02-14
IF1704,2017-04-19,2017-03-16
IF1705,2017-05-16,2017-04-20
IF1706,2017-06-15,2017-05-17
IF1707,2017-07-20,2017-06-16
IF1708,2017-08-15,2017-07-21
IF1709,2017-09-14,2017-08-16
IF1710,2017-10-19,2017-09-15
IF1711,2017-11-14,2017-10-20
IF1712,2017-12-13,2017-11-15
IF1801,2018-01-18,2017-12-14
IF1802,2018-02-08,2018-01-19
IF1803,2018-03-15,2018-02-09
IF1804,2018-04-19,2018-03-16
IF1805,2018-05-15,2018-04-20
IF1806,2018-06-14,2018-05-16
IF1807,2018-07-19,2018-06-15
IF1808,2018-08-14,2018-07-20
IF1809,2018-09-20,2018-08-15
IF1810,2018-10-18,2018-09-21
IF1811,2018-11-13,2018-10-19
IF1812,2018-12-20,2018-11-14
IF1901,2019-01-17,2018-12-21
IF1902,2019-02-11,2019-01-18
IF1903,2019-03-14,2019-02-12
IF1904,2019-04-18,2019-03-15
IF1905,2019-05-15,2019-04-19
IF1906,2019-06-20,2019-05-16
IF1907,2019-07-18,2019-06-21
IF1908,2019-08-14,2019-07-19
IF1909,2019-09-19,2019-08-15
IF1910,2019-10-17,2019-09-20
IF1911,2019-11-13,2019-10-18
IF1912,2019-12-19,2019-11-14
IF2001,2019-12-24,2019-12-20
TF1312,2013-11-27,2013-09-06
TF1403,2014-02-20,2013-11-28
TF1406,2014-05-15,2014-02-21
TF1409,2014-08-13,2014-05-16
TF1412,2014-11-04,2014-08-14
TF1503,2015-02-04,2014-11-05
TF1506,2015-05-18,2015-02-05
TF1509,2015-08-17,2015-05-19
TF1512,2015-11-18,2015-08-18
TF1603,2016-02-05,2015-11-19
TF1606,2016-04-29,2016-02-15
TF1609,2016-08-10,2016-05-03
TF1612,2016-11-09,2016-08-11
TF1703,2017-01-24,2016-11-10
TF1706,2017-05-11,2017-01-25
TF1709,2017-08-09,2017-05-12
TF1712,2017-11-10,2017-08-10
TF1803,2018-02-09,2017-11-13
TF1806,2018-05-15,2018-02-12
TF1809,2018-08-13,2018-05-16
TF1812,2018-11-16,2018-08-14
TF1903,2019-02-19,2018-11-19
TF1906,2019-05-21,2019-02-20
TF1909,2019-08-13,2019-05-22
TF1912,2019-11-19,2019-08-14
TF2003,2019-12-24,2019-11-20
T1509,2015-08-12,2015-03-20
T1512,2015-11-16,2015-08-13
T1603,2016-02-04,2015-11-17
T1606,2016-05-05,2016-02-05
T1609,2016-08-08,2016-05-06
T1612,2016-11-08,2016-08-09
T1703,2017-01-19,2016-11-09
T1706,2017-05-09,2017-01-20
T1709,2017-08-07,2017-05-10
T1712,2017-11-09,2017-08-08
T1803,2018-02-07,2017-11-10
T1806,2018-05-16,2018-02-08
T1809,2018-08-13,2018-05-17
T1812,2018-11-13,2018-08-14
T1903,2019-02-19,2018-11-14
T1906,2019-05-20,2019-02-20
T1909,2019-08-14,2019-05-21
T1912,2019-11-15,2019-08-15
T2003,2019-12-24,2019-11-18
IC1505,2015-05-13,2015-04-16
IC1506,2015-06-17,2015-05-14
IC1507,2015-07-15,2015-06-18
IC1508,2015-08-19,2015-07-16
IC1509,2015-09-17,2015-08-20
IC1510,2015-10-15,2015-09-18
IC1511,2015-11-18,2015-10-16
IC1512,2015-12-17,2015-11-19
IC1601,2016-01-14,2015-12-18
IC1602,2016-02-17,2016-01-15
IC1603,2016-03-17,2016-02-18
IC1604,2016-04-14,2016-03-18
IC1605,2016-05-18,2016-04-15
IC1606,2016-06-16,2016-05-19
IC1607,2016-07-14,2016-06-17
IC1608,2016-08-17,2016-07-15
IC1609,2016-09-14,2016-08-18
IC1610,2016-10-19,2016-09-19
IC1611,2016-11-14,2016-10-20
IC1612,2016-12-14,2016-11-15
IC1701,2017-01-18,2016-12-15
IC1702,2017-02-13,2017-01-19
IC1703,2017-03-15,2017-02-14
IC1704,2017-04-20,2017-03-16
IC1705,2017-05-16,2017-04-21
IC1706,2017-06-14,2017-05-17
IC1707,2017-07-20,2017-06-15
IC1708,2017-08-15,2017-07-21
IC1709,2017-09-14,2017-08-16
IC1710,2017-10-19,2017-09-15
IC1711,2017-11-14,2017-10-20
IC1712,2017-12-14,2017-11-15
IC1801,2018-01-18,2017-12-15
IC1802,2018-02-09,2018-01-19
IC1803,2018-03-15,2018-02-12
IC1804,2018-04-19,2018-03-16
IC1805,2018-05-15,2018-04-20
IC1806,2018-06-13,2018-05-16
IC1807,2018-07-19,2018-06-14
IC1808,2018-08-13,2018-07-20
IC1809,2018-09-19,2018-08-14
IC1810,2018-10-18,2018-09-20
IC1811,2018-10-22,2018-10-19
IC1812,2018-12-20,2018-10-23
IC1901,2019-01-17,2018-12-21
IC1902,2019-01-21,2019-01-18
IC1903,2019-03-14,2019-01-22
IC1904,2019-04-18,2019-03-15
IC1905,2019-05-15,2019-04-19
IC1906,2019-06-20,2019-05-16
IC1907,2019-07-18,2019-06-21
IC1908,2019-08-13,2019-07-19
IC1909,2019-09-19,2019-08-14
IC1910,2019-10-17,2019-09-20
IC1911,2019-11-11,2019-10-18
IC1912,2019-12-19,2019-11-12
IC2001,2019-12-24,2019-12-20
IH1505,2015-05-14,2015-04-16
IH1506,2015-06-18,2015-05-15
IH1507,2015-07-16,2015-06-19
IH1508,2015-08-19,2015-07-17
IH1509,2015-09-17,2015-08-20
IH1510,2015-10-15,2015-09-18
IH1511,2015-11-13,2015-10-16
IH1512,2015-12-16,2015-10-20
IH1601,2016-01-14,2015-12-17
IH1602,2016-02-16,2016-01-15
IH1603,2016-03-17,2016-02-17
IH1604,2016-04-14,2016-03-18
IH1605,2016-05-17,2016-04-15
IH1606,2016-06-15,2016-05-18
IH1607,2016-07-14,2016-06-16
IH1608,2016-08-16,2016-07-15
IH1609,2016-09-13,2016-08-17
IH1610,2016-10-19,2016-09-14
IH1611,2016-11-14,2016-10-20
IH1612,2016-12-14,2016-11-15
IH1701,2017-01-18,2016-12-15
IH1702,2017-02-13,2017-01-19
IH1703,2017-03-15,2017-02-14
IH1704,2017-04-19,2017-03-16
IH1705,2017-05-16,2017-04-20
IH1706,2017-06-14,2017-05-17
IH1707,2017-07-20,2017-06-15
IH1708,2017-08-15,2017-07-21
IH1709,2017-09-14,2017-08-16
IH1710,2017-10-19,2017-09-15
IH1711,2017-11-15,2017-10-20
IH1712,2017-12-14,2017-11-16
IH1801,2018-01-18,2017-12-15
IH1802,2018-02-12,2018-01-19
IH1803,2018-03-15,2018-02-13
IH1804,2018-04-19,2018-03-16
IH1805,2018-05-16,2018-04-20
IH1806,2018-06-14,2018-05-17
IH1807,2018-07-19,2018-06-15
IH1808,2018-08-15,2018-07-20
IH1809,2018-09-20,2018-08-16
IH1810,2018-10-18,2018-09-21
IH1811,2018-11-14,2018-10-19
IH1812,2018-12-20,2018-11-15
IH1901,2019-01-17,2018-12-21
IH1902,2019-02-13,2019-01-18
IH1903,2019-03-14,2019-02-14
IH1904,2019-04-18,2019-03-15
IH1905,2019-05-16,2019-04-19
IH1906,2019-06-20,2019-05-17
IH1907,2019-07-18,2019-06-21
IH1908,2019-08-14,2019-07-19
IH1909,2019-09-19,2019-08-15
IH1910,2019-10-17,2019-09-20
IH1911,2019-11-12,2019-10-18
IH1912,2019-12-19,2019-11-13
IH2001,2019-12-24,2019-12-20
FG1303,2012-12-03,2012-12-03
FG1305,2013-01-29,2012-12-04
FG1309,2013-06-20,2013-01-30
FG1401,2013-10-30,2013-06-21
FG1405,2014-03-17,2013-10-31
FG1409,2014-07-10,2014-03-18
FG1501,2014-11-14,2014-07-11
FG1506,2015-04-07,2014-11-17
FG1509,2015-08-07,2015-04-08
FG1601,2015-12-01,2015-08-10
FG1605,2016-04-06,2015-12-02
FG1609,2016-08-11,2016-04-07
FG1701,2016-12-02,2016-08-12
FG1705,2017-04-11,2016-12-05
FG1709,2017-08-09,2017-04-12
FG1801,2017-11-28,2017-08-10
FG1805,2018-04-10,2017-11-29
FG1809,2018-08-08,2018-04-11
FG1901,2018-12-12,2018-08-09
FG1905,2019-04-11,2018-12-13
FG1909,2019-08-09,2019-04-12
FG2001,2019-12-09,2019-08-12
FG2005,2019-12-24,2019-12-10
RS1307,2012-12-28,2012-12-28
RS1309,2013-09-12,2012-12-31
RS1311,2013-11-13,2013-09-13
RS1409,2014-08-29,2013-11-14
RS1507,2015-06-02,2014-09-01
RS1509,2015-09-15,2015-06-03
RS1607,2016-07-13,2015-09-16
RS1609,2016-09-13,2016-07-14
RS1707,2017-07-11,2016-11-17
RS1708,2016-11-16,2016-09-14
RS1709,2017-09-13,2017-07-12
RS1808,2018-04-10,2017-09-14
RS1809,2018-08-30,2018-04-11
RS1908,2019-03-05,2018-08-31
RS1909,2019-09-12,2019-03-06
RS1911,2019-11-13,2019-09-16
RS2007,2019-12-24,2019-11-14
UR2001,2019-12-12,2019-08-09
UR2005,2019-12-24,2019-12-13
NR2002,2019-11-15,2019-08-12
NR2003,2019-12-24,2019-11-18
RR2001,2019-12-16,2019-08-16
RR2005,2019-12-24,2019-12-17
SS2002,2019-12-24,2019-09-25
EB2004,2019-09-26,2019-09-26
EB2005,2019-12-24,2019-09-27
SA2005,2019-12-24,2019-12-06
